user_id,segment,total_value,number_of_bookings,average_booking_value
167852,Free Bag - Remaining Users,0.0,0,
306165,Free Bag - Remaining Users,0.0,0,
312488,Free Bag - Remaining Users,2346.79,3,782.2633333333333
348863,Free Bag - Remaining Users,0.0,0,
354260,Free Bag - Remaining Users,1663.3600000000001,3,554.4533333333334
375160,Free Bag - Remaining Users,528.0,1,528.0
382384,Free Bag - Remaining Users,779.69,2,389.845
382533,Free Bag - Remaining Users,0.0,0,
386255,Free Bag - Remaining Users,1123.53,2,561.765
386469,Free Bag - Remaining Users,497.0,1,497.0
388947,Free Bag - Remaining Users,1853.99,4,463.4975
402332,Free Bag - Remaining Users,2209.46,3,736.4866666666667
416319,Free Bag - Remaining Users,1089.36,3,363.11999999999995
422668,Free Bag - Remaining Users,0.0,0,
425632,Free Bag - Remaining Users,1813.3600000000001,4,453.34000000000003
431746,Free Bag - Remaining Users,1492.21,2,746.105
431912,Free Bag - Remaining Users,697.78,2,348.89
433339,Free Bag - Remaining Users,625.64,3,208.54666666666665
442484,Free Bag - Remaining Users,1854.87,5,370.974
447951,Free Bag - Remaining Users,3196.83,4,799.2075
456671,Free Bag - Remaining Users,952.48,2,476.24
458725,Free Bag - Remaining Users,69.96,1,69.96
458919,Free Bag - Remaining Users,2385.15,3,795.0500000000001
460072,Free Bag - Remaining Users,1446.42,3,482.14000000000004
462894,Free Bag - Remaining Users,1600.12,3,533.3733333333333
463783,Free Bag - Remaining Users,1993.48,5,398.696
463867,Free Bag - Remaining Users,890.51,3,296.83666666666664
471186,Free Bag - Remaining Users,1432.41,2,716.205
471935,Free Bag - Remaining Users,3276.24,4,819.06
474007,Free Bag - Remaining Users,2541.41,2,1270.705
474278,Free Bag - Remaining Users,708.0,1,708.0
476742,Free Bag - Remaining Users,943.79,3,314.59666666666664
476956,Free Bag - Remaining Users,1406.52,3,468.84
477285,Free Bag - Remaining Users,1315.3200000000002,3,438.44000000000005
477805,Free Bag - Remaining Users,200.0,1,200.0
480186,Free Bag - Remaining Users,504.0,1,504.0
480975,Free Bag - Remaining Users,155.92,1,155.92
481772,Free Bag - Remaining Users,645.77,4,161.4425
481781,Free Bag - Remaining Users,786.0,1,786.0
482335,Free Bag - Remaining Users,200.0,2,100.0
485785,Free Bag - Remaining Users,2153.63,3,717.8766666666667
486113,Free Bag - Remaining Users,986.36,2,493.18
486605,Free Bag - Remaining Users,840.5300000000001,2,420.26500000000004
487637,Free Bag - Remaining Users,1064.1000000000001,3,354.70000000000005
488099,Free Bag - Remaining Users,50.95,1,50.95
489131,Free Bag - Remaining Users,0.0,0,
490348,Free Bag - Remaining Users,891.43,2,445.715
490608,Free Bag - Remaining Users,3157.98,3,1052.66
493476,Free Bag - Remaining Users,886.71,2,443.355
494374,Free Bag - Remaining Users,1084.85,2,542.425
494484,Free Bag - Remaining Users,2885.59,3,961.8633333333333
494630,Free Bag - Remaining Users,640.0,2,320.0
496972,Free Bag - Remaining Users,1221.93,4,305.4825
497829,Free Bag - Remaining Users,1493.2800000000002,2,746.6400000000001
498607,Free Bag - Remaining Users,2373.14,2,1186.57
499461,Free Bag - Remaining Users,1303.41,3,434.47
499475,Free Bag - Remaining Users,1038.81,3,346.27
499634,Free Bag - Remaining Users,631.47,2,315.735
500299,Free Bag - Remaining Users,549.9,2,274.95
500791,Free Bag - Remaining Users,149.78,1,149.78
500828,Free Bag - Remaining Users,1867.76,4,466.94
502212,Free Bag - Remaining Users,806.28,1,806.28
502819,Free Bag - Remaining Users,0.0,0,
502850,Free Bag - Remaining Users,0.0,0,
503042,Free Bag - Remaining Users,288.24,1,288.24
503058,Free Bag - Remaining Users,1156.03,3,385.3433333333333
503161,Free Bag - Remaining Users,0.0,0,
503483,Free Bag - Remaining Users,483.39,1,483.39
503918,Free Bag - Remaining Users,0.0,0,
504473,Free Bag - Remaining Users,731.99,2,365.995
504610,Free Bag - Remaining Users,1653.44,2,826.72
504665,Free Bag - Remaining Users,827.01,2,413.505
505498,Free Bag - Remaining Users,1537.9899999999998,3,512.6633333333333
506347,Free Bag - Remaining Users,0.0,0,
506777,Free Bag - Remaining Users,830.52,1,830.52
506858,Free Bag - Remaining Users,3963.7000000000003,3,1321.2333333333333
506990,Free Bag - Remaining Users,0.0,0,
507376,Free Bag - Remaining Users,1473.53,2,736.765
507513,Free Bag - Remaining Users,0.0,0,
507531,Free Bag - Remaining Users,134.0,1,134.0
507617,Free Bag - Remaining Users,2312.62,2,1156.31
508360,Free Bag - Remaining Users,2157.94,2,1078.97
508512,Free Bag - Remaining Users,242.0,1,242.0
508860,Free Bag - Remaining Users,586.88,2,293.44
508946,Free Bag - Remaining Users,1435.0500000000002,4,358.76250000000005
509069,Free Bag - Remaining Users,1755.7600000000002,4,438.94000000000005
509160,Free Bag - Remaining Users,1118.67,2,559.335
509162,Free Bag - Remaining Users,771.0,2,385.5
509221,Free Bag - Remaining Users,1171.51,4,292.8775
509242,Free Bag - Remaining Users,1527.35,3,509.1166666666666
509272,Free Bag - Remaining Users,97.0,1,97.0
509341,Free Bag - Remaining Users,1138.87,2,569.435
509411,Free Bag - Remaining Users,2146.79,4,536.6975
509419,Free Bag - Remaining Users,2337.24,4,584.31
509516,Free Bag - Remaining Users,2938.25,3,979.4166666666666
509635,Free Bag - Remaining Users,1532.5,3,510.8333333333333
509876,Free Bag - Remaining Users,0.0,0,
509892,Free Bag - Remaining Users,130.0,1,130.0
509990,Free Bag - Remaining Users,436.53,1,436.53
510079,Free Bag - Remaining Users,488.43,1,488.43
510257,Free Bag - Remaining Users,2765.5299999999997,2,1382.7649999999999
510315,Free Bag - Remaining Users,395.58000000000004,2,197.79000000000002
510316,Free Bag - Remaining Users,121.0,1,121.0
510449,Free Bag - Remaining Users,1065.38,4,266.345
510543,Free Bag - Remaining Users,0.0,0,
510545,Free Bag - Remaining Users,342.0,1,342.0
510575,Free Bag - Remaining Users,0.0,0,
510707,Free Bag - Remaining Users,719.77,2,359.885
510828,Free Bag - Remaining Users,0.0,0,
510960,Free Bag - Remaining Users,981.26,3,327.08666666666664
511055,Free Bag - Remaining Users,1582.45,2,791.225
511093,Free Bag - Remaining Users,853.77,3,284.59
511122,Free Bag - Remaining Users,561.76,2,280.88
511195,Free Bag - Remaining Users,1072.78,2,536.39
511219,Free Bag - Remaining Users,206.0,1,206.0
511377,Free Bag - Remaining Users,689.0,2,344.5
511489,Free Bag - Remaining Users,2650.88,3,883.6266666666667
511504,Free Bag - Remaining Users,2025.61,3,675.2033333333333
511577,Free Bag - Remaining Users,1420.72,2,710.36
511613,Free Bag - Remaining Users,1754.4,3,584.8000000000001
511809,Free Bag - Remaining Users,2050.96,2,1025.48
511811,Free Bag - Remaining Users,2462.57,3,820.8566666666667
511878,Free Bag - Remaining Users,0.0,0,
511910,Free Bag - Remaining Users,86.0,1,86.0
511936,Free Bag - Remaining Users,1167.28,3,389.0933333333333
512028,Free Bag - Remaining Users,924.29,2,462.145
512063,Free Bag - Remaining Users,1700.29,1,1700.29
512148,Free Bag - Remaining Users,124.0,1,124.0
512305,Free Bag - Remaining Users,408.0,2,204.0
512397,Free Bag - Remaining Users,0.0,0,
512402,Free Bag - Remaining Users,795.78,1,795.78
512691,Free Bag - Remaining Users,1432.96,2,716.48
512848,Free Bag - Remaining Users,843.0799999999999,3,281.02666666666664
512888,Free Bag - Remaining Users,1350.05,3,450.01666666666665
512922,Free Bag - Remaining Users,873.6899999999999,2,436.84499999999997
512999,Free Bag - Remaining Users,2072.65,3,690.8833333333333
513058,Free Bag - Remaining Users,2690.15,6,448.35833333333335
513138,Free Bag - Remaining Users,0.0,0,
513241,Free Bag - Remaining Users,0.0,0,
513289,Free Bag - Remaining Users,626.31,1,626.31
513322,Free Bag - Remaining Users,2270.66,3,756.8866666666667
513495,Free Bag - Remaining Users,855.51,2,427.755
513497,Free Bag - Remaining Users,930.74,2,465.37
513546,Free Bag - Remaining Users,0.0,0,
513569,Free Bag - Remaining Users,723.63,2,361.815
513602,Free Bag - Remaining Users,0.0,0,
513742,Free Bag - Remaining Users,0.0,0,
513844,Free Bag - Remaining Users,4059.76,3,1353.2533333333333
513953,Free Bag - Remaining Users,594.9,2,297.45
513964,Free Bag - Remaining Users,2573.76,5,514.7520000000001
514021,Free Bag - Remaining Users,619.22,2,309.61
514133,Free Bag - Remaining Users,991.81,3,330.6033333333333
514315,Free Bag - Remaining Users,725.04,1,725.04
514384,Free Bag - Remaining Users,2563.0,1,2563.0
514503,Free Bag - Remaining Users,978.0,2,489.0
514589,Free Bag - Remaining Users,664.73,1,664.73
514893,Free Bag - Remaining Users,329.84,1,329.84
514931,Free Bag - Remaining Users,0.0,0,
515013,Free Bag - Remaining Users,1631.54,2,815.77
515202,Free Bag - Remaining Users,1011.0,1,1011.0
515344,Free Bag - Remaining Users,2785.11,5,557.022
515502,Free Bag - Remaining Users,455.32,1,455.32
515516,Free Bag - Remaining Users,0.0,0,
515530,Free Bag - Remaining Users,0.0,0,
515634,Free Bag - Remaining Users,0.0,0,
515645,Free Bag - Remaining Users,1442.5700000000002,3,480.85666666666674
515818,Free Bag - Remaining Users,2056.22,1,2056.22
515831,Free Bag - Remaining Users,1052.6299999999999,2,526.3149999999999
515854,Free Bag - Remaining Users,203.0,2,101.5
515874,Free Bag - Remaining Users,218.0,1,218.0
515974,Free Bag - Remaining Users,1036.94,3,345.6466666666667
515985,Free Bag - Remaining Users,996.16,3,332.05333333333334
516001,Free Bag - Remaining Users,306.0,1,306.0
516076,Free Bag - Remaining Users,0.0,0,
516086,Free Bag - Remaining Users,103.84,1,103.84
516117,Free Bag - Remaining Users,935.52,3,311.84
516127,Free Bag - Remaining Users,0.0,0,
516152,Free Bag - Remaining Users,589.68,1,589.68
516217,Free Bag - Remaining Users,509.57,1,509.57
516243,Free Bag - Remaining Users,0.0,0,
516273,Free Bag - Remaining Users,1108.49,2,554.245
516340,Free Bag - Remaining Users,62.0,1,62.0
516433,Free Bag - Remaining Users,191.33,1,191.33
516556,Free Bag - Remaining Users,554.91,1,554.91
516561,Free Bag - Remaining Users,704.35,2,352.175
516583,Free Bag - Remaining Users,0.0,0,
516620,Free Bag - Remaining Users,0.0,0,
516682,Free Bag - Remaining Users,318.34000000000003,3,106.11333333333334
516765,Free Bag - Remaining Users,0.0,0,
516798,Free Bag - Remaining Users,1005.81,1,1005.81
516967,Free Bag - Remaining Users,0.0,0,
517033,Free Bag - Remaining Users,537.7,3,179.23333333333335
517064,Free Bag - Remaining Users,1479.46,3,493.15333333333336
517143,Free Bag - Remaining Users,444.0,2,222.0
517467,Free Bag - Remaining Users,1025.22,2,512.61
517543,Free Bag - Remaining Users,0.0,0,
517571,Free Bag - Remaining Users,642.26,1,642.26
517847,Free Bag - Remaining Users,1192.17,4,298.0425
517871,Free Bag - Remaining Users,438.08,1,438.08
518041,Free Bag - Remaining Users,114.94,1,114.94
518092,Free Bag - Remaining Users,2300.7,5,460.14
518372,Free Bag - Remaining Users,1141.66,2,570.83
518567,Free Bag - Remaining Users,275.33,1,275.33
518579,Free Bag - Remaining Users,1409.34,3,469.78
518645,Free Bag - Remaining Users,0.0,0,
518694,Free Bag - Remaining Users,1255.92,2,627.96
518711,Free Bag - Remaining Users,1085.92,2,542.96
518735,Free Bag - Remaining Users,238.0,1,238.0
518751,Free Bag - Remaining Users,3791.33,5,758.266
518826,Free Bag - Remaining Users,479.37,1,479.37
518870,Free Bag - Remaining Users,1257.3400000000001,3,419.1133333333334
518922,Free Bag - Remaining Users,303.85,1,303.85
518956,Free Bag - Remaining Users,752.3399999999999,2,376.16999999999996
518971,Free Bag - Remaining Users,790.7,2,395.35
519059,Free Bag - Remaining Users,1704.27,2,852.135
519091,Free Bag - Remaining Users,3810.4,2,1905.2
519205,Free Bag - Remaining Users,1416.37,2,708.185
519313,Free Bag - Remaining Users,708.88,1,708.88
519348,Free Bag - Remaining Users,1096.32,3,365.44
519368,Free Bag - Remaining Users,405.24,1,405.24
519393,Free Bag - Remaining Users,1052.29,3,350.7633333333333
519406,Free Bag - Remaining Users,0.0,0,
519541,Free Bag - Remaining Users,1350.46,2,675.23
519561,Free Bag - Remaining Users,0.0,0,
519706,Free Bag - Remaining Users,251.5,1,251.5
519853,Free Bag - Remaining Users,1084.43,2,542.215
519897,Free Bag - Remaining Users,0.0,0,
520054,Free Bag - Remaining Users,338.23,1,338.23
520063,Free Bag - Remaining Users,662.5799999999999,2,331.28999999999996
520277,Free Bag - Remaining Users,634.4,2,317.2
520440,Free Bag - Remaining Users,0.0,0,
520556,Free Bag - Remaining Users,1789.77,5,357.954
520603,Free Bag - Remaining Users,0.0,0,
520680,Free Bag - Remaining Users,1100.73,2,550.365
520780,Free Bag - Remaining Users,0.0,0,
520844,Free Bag - Remaining Users,420.77,2,210.385
520959,Free Bag - Remaining Users,241.57,1,241.57
521009,Free Bag - Remaining Users,218.0,1,218.0
521187,Free Bag - Remaining Users,0.0,0,
521309,Free Bag - Remaining Users,1036.3899999999999,2,518.1949999999999
521343,Free Bag - Remaining Users,1929.01,5,385.802
521642,Free Bag - Remaining Users,231.94,2,115.97
521663,Free Bag - Remaining Users,0.0,0,
521719,Free Bag - Remaining Users,352.02,1,352.02
521768,Free Bag - Remaining Users,1556.41,3,518.8033333333334
521963,Free Bag - Remaining Users,989.4,2,494.7
522001,Free Bag - Remaining Users,0.0,0,
522118,Free Bag - Remaining Users,1067.41,3,355.80333333333334
522184,Free Bag - Remaining Users,0.0,0,
522201,Free Bag - Remaining Users,210.0,1,210.0
522315,Free Bag - Remaining Users,1016.81,2,508.405
522373,Free Bag - Remaining Users,2892.02,2,1446.01
522441,Free Bag - Remaining Users,1265.42,3,421.8066666666667
522523,Free Bag - Remaining Users,354.13,1,354.13
522624,Free Bag - Remaining Users,161.92,1,161.92
522631,Free Bag - Remaining Users,668.07,1,668.07
522788,Free Bag - Remaining Users,267.89,2,133.945
522944,Free Bag - Remaining Users,1653.3000000000002,2,826.6500000000001
522999,Free Bag - Remaining Users,2770.4700000000003,3,923.4900000000001
523290,Free Bag - Remaining Users,1143.04,3,381.0133333333333
523484,Free Bag - Remaining Users,2618.19,5,523.638
523505,Free Bag - Remaining Users,2455.13,5,491.026
523746,Free Bag - Remaining Users,1647.65,2,823.825
523819,Free Bag - Remaining Users,2028.88,5,405.776
523887,Free Bag - Remaining Users,119.88,1,119.88
524057,Free Bag - Remaining Users,142.0,1,142.0
524076,Free Bag - Remaining Users,1003.56,3,334.52
524098,Free Bag - Remaining Users,0.0,0,
524172,Free Bag - Remaining Users,0.0,0,
524365,Free Bag - Remaining Users,3369.7599999999998,6,561.6266666666667
524383,Free Bag - Remaining Users,237.04,1,237.04
524728,Free Bag - Remaining Users,286.09,1,286.09
524739,Free Bag - Remaining Users,435.4,1,435.4
524797,Free Bag - Remaining Users,0.0,0,
524807,Free Bag - Remaining Users,1842.94,3,614.3133333333334
525168,Free Bag - Remaining Users,1369.63,2,684.815
525176,Free Bag - Remaining Users,361.16,1,361.16
525201,Free Bag - Remaining Users,3607.1400000000003,6,601.19
525377,Free Bag - Remaining Users,0.0,0,
525379,Free Bag - Remaining Users,0.0,0,
525405,Free Bag - Remaining Users,935.15,1,935.15
525761,Free Bag - Remaining Users,128.81,1,128.81
525804,Free Bag - Remaining Users,1312.45,4,328.1125
525975,Free Bag - Remaining Users,1858.28,4,464.57
526036,Free Bag - Remaining Users,0.0,0,
526084,Free Bag - Remaining Users,3372.5600000000004,3,1124.1866666666667
526206,Free Bag - Remaining Users,735.03,1,735.03
526490,Free Bag - Remaining Users,545.45,2,272.725
526495,Free Bag - Remaining Users,1616.5600000000002,2,808.2800000000001
526740,Free Bag - Remaining Users,0.0,0,
526789,Free Bag - Remaining Users,1732.54,4,433.135
526916,Free Bag - Remaining Users,0.0,0,
526925,Free Bag - Remaining Users,697.0,3,232.33333333333334
527001,Free Bag - Remaining Users,89.0,1,89.0
527081,Free Bag - Remaining Users,907.1600000000001,2,453.58000000000004
527082,Free Bag - Remaining Users,1063.25,3,354.4166666666667
527141,Free Bag - Remaining Users,3023.52,5,604.704
527280,Free Bag - Remaining Users,815.3,2,407.65
527321,Free Bag - Remaining Users,68.0,1,68.0
527365,Free Bag - Remaining Users,516.98,1,516.98
527467,Free Bag - Remaining Users,633.46,2,316.73
527518,Free Bag - Remaining Users,1107.68,1,1107.68
527560,Free Bag - Remaining Users,259.0,2,129.5
527945,Free Bag - Remaining Users,0.0,0,
528244,Free Bag - Remaining Users,910.81,2,455.405
528248,Free Bag - Remaining Users,1177.72,3,392.5733333333333
528413,Free Bag - Remaining Users,0.0,0,
528461,Free Bag - Remaining Users,0.0,0,
528688,Free Bag - Remaining Users,296.0,1,296.0
528706,Free Bag - Remaining Users,1279.06,2,639.53
528828,Free Bag - Remaining Users,2580.21,5,516.042
528842,Free Bag - Remaining Users,2630.02,2,1315.01
528909,Free Bag - Remaining Users,1163.0,2,581.5
528936,Free Bag - Remaining Users,0.0,0,
529284,Free Bag - Remaining Users,0.0,0,
529420,Free Bag - Remaining Users,0.0,0,
529510,Free Bag - Remaining Users,834.01,2,417.005
529737,Free Bag - Remaining Users,0.0,0,
529857,Free Bag - Remaining Users,224.0,1,224.0
529887,Free Bag - Remaining Users,708.21,1,708.21
530223,Free Bag - Remaining Users,1160.76,3,386.92
530379,Free Bag - Remaining Users,360.8,1,360.8
530633,Free Bag - Remaining Users,0.0,0,
530666,Free Bag - Remaining Users,896.23,2,448.115
530672,Free Bag - Remaining Users,0.0,0,
530869,Free Bag - Remaining Users,260.0,1,260.0
530873,Free Bag - Remaining Users,0.0,0,
531456,Free Bag - Remaining Users,334.0,2,167.0
531475,Free Bag - Remaining Users,0.0,0,
531500,Free Bag - Remaining Users,42.0,1,42.0
531670,Free Bag - Remaining Users,1438.71,3,479.57
531735,Free Bag - Remaining Users,0.0,0,
531739,Free Bag - Remaining Users,3273.6899999999996,4,818.4224999999999
531777,Free Bag - Remaining Users,451.52,1,451.52
531803,Free Bag - Remaining Users,0.0,0,
531834,Free Bag - Remaining Users,638.71,1,638.71
531921,Free Bag - Remaining Users,339.53999999999996,2,169.76999999999998
532101,Free Bag - Remaining Users,206.0,1,206.0
532279,Free Bag - Remaining Users,416.0,1,416.0
532312,Free Bag - Remaining Users,891.44,3,297.1466666666667
532432,Free Bag - Remaining Users,151.0,1,151.0
532433,Free Bag - Remaining Users,2531.61,3,843.87
532519,Free Bag - Remaining Users,1656.94,3,552.3133333333334
532622,Free Bag - Remaining Users,1650.3400000000001,3,550.1133333333333
532651,Free Bag - Remaining Users,581.45,2,290.725
532656,Free Bag - Remaining Users,1812.78,2,906.39
532705,Free Bag - Remaining Users,893.94,2,446.97
532710,Free Bag - Remaining Users,708.38,1,708.38
532711,Free Bag - Remaining Users,927.31,2,463.655
532748,Free Bag - Remaining Users,2410.1099999999997,5,482.02199999999993
532835,Free Bag - Remaining Users,721.46,2,360.73
532843,Free Bag - Remaining Users,1277.12,3,425.70666666666665
532905,Free Bag - Remaining Users,0.0,0,
533117,Free Bag - Remaining Users,460.37,2,230.185
533123,Free Bag - Remaining Users,711.77,2,355.885
533187,Free Bag - Remaining Users,96.95,1,96.95
533204,Free Bag - Remaining Users,0.0,0,
533302,Free Bag - Remaining Users,1307.35,3,435.7833333333333
533357,Free Bag - Remaining Users,2578.9,5,515.78
533411,Free Bag - Remaining Users,2257.07,4,564.2675
533827,Free Bag - Remaining Users,64.0,1,64.0
533846,Free Bag - Remaining Users,978.3299999999999,3,326.10999999999996
533908,Free Bag - Remaining Users,412.68,1,412.68
534045,Free Bag - Remaining Users,1494.17,2,747.085
534586,Free Bag - Remaining Users,0.0,0,
534608,Free Bag - Remaining Users,1980.7200000000003,4,495.18000000000006
534661,Free Bag - Remaining Users,197.51,1,197.51
534782,Free Bag - Remaining Users,1817.21,4,454.3025
534793,Free Bag - Remaining Users,712.37,1,712.37
534825,Free Bag - Remaining Users,97.51,1,97.51
535003,Free Bag - Remaining Users,0.0,0,
535459,Free Bag - Remaining Users,1143.25,4,285.8125
535610,Free Bag - Remaining Users,712.93,3,237.64333333333332
535706,Free Bag - Remaining Users,463.52,1,463.52
535737,Free Bag - Remaining Users,0.0,0,
535983,Free Bag - Remaining Users,1301.14,1,1301.14
536035,Free Bag - Remaining Users,2282.4,2,1141.2
536135,Free Bag - Remaining Users,0.0,0,
536228,Free Bag - Remaining Users,172.0,1,172.0
536229,Free Bag - Remaining Users,345.28999999999996,2,172.64499999999998
536488,Free Bag - Remaining Users,0.0,0,
536594,Free Bag - Remaining Users,517.0,2,258.5
536604,Free Bag - Remaining Users,936.9,2,468.45
536763,Free Bag - Remaining Users,976.5699999999999,2,488.28499999999997
536964,Free Bag - Remaining Users,619.01,1,619.01
537121,Free Bag - Remaining Users,586.88,1,586.88
537212,Free Bag - Remaining Users,388.95,2,194.475
537227,Free Bag - Remaining Users,216.23,1,216.23
537580,Free Bag - Remaining Users,1391.74,4,347.935
537659,Free Bag - Remaining Users,143.0,1,143.0
537688,Free Bag - Remaining Users,558.49,1,558.49
537776,Free Bag - Remaining Users,296.0,2,148.0
537834,Free Bag - Remaining Users,866.71,2,433.355
537926,Free Bag - Remaining Users,438.0,2,219.0
538131,Free Bag - Remaining Users,978.6300000000001,2,489.31500000000005
538270,Free Bag - Remaining Users,733.84,2,366.92
538438,Free Bag - Remaining Users,865.11,3,288.37
538463,Free Bag - Remaining Users,0.0,0,
538511,Free Bag - Remaining Users,0.0,0,
538680,Free Bag - Remaining Users,968.4300000000001,3,322.81
538788,Free Bag - Remaining Users,1143.97,2,571.985
539283,Free Bag - Remaining Users,946.17,2,473.085
539304,Free Bag - Remaining Users,686.0,2,343.0
539307,Free Bag - Remaining Users,0.0,0,
539320,Free Bag - Remaining Users,2031.91,5,406.382
539453,Free Bag - Remaining Users,128.0,1,128.0
539625,Free Bag - Remaining Users,977.26,2,488.63
539627,Free Bag - Remaining Users,761.37,2,380.685
539782,Free Bag - Remaining Users,93.97,1,93.97
539866,Free Bag - Remaining Users,0.0,0,
539868,Free Bag - Remaining Users,2372.87,3,790.9566666666666
539888,Free Bag - Remaining Users,184.0,1,184.0
540043,Free Bag - Remaining Users,0.0,0,
540413,Free Bag - Remaining Users,892.71,2,446.355
540718,Free Bag - Remaining Users,1245.62,3,415.20666666666665
540777,Free Bag - Remaining Users,111.89,1,111.89
540857,Free Bag - Remaining Users,0.0,0,
540924,Free Bag - Remaining Users,785.0,3,261.6666666666667
541001,Free Bag - Remaining Users,1418.3899999999999,2,709.1949999999999
541034,Free Bag - Remaining Users,226.77,1,226.77
541061,Free Bag - Remaining Users,959.64,2,479.82
541216,Free Bag - Remaining Users,724.61,1,724.61
541240,Free Bag - Remaining Users,553.04,2,276.52
541764,Free Bag - Remaining Users,1470.77,3,490.25666666666666
541988,Free Bag - Remaining Users,0.0,0,
541999,Free Bag - Remaining Users,257.0,2,128.5
542059,Free Bag - Remaining Users,1755.3,3,585.1
542196,Free Bag - Remaining Users,179.13,2,89.565
542316,Free Bag - Remaining Users,135.0,2,67.5
542451,Free Bag - Remaining Users,1430.68,2,715.34
542482,Free Bag - Remaining Users,333.46,1,333.46
542812,Free Bag - Remaining Users,141.72,1,141.72
542815,Free Bag - Remaining Users,0.0,0,
542965,Free Bag - Remaining Users,110.0,1,110.0
543038,Free Bag - Remaining Users,1148.26,3,382.75333333333333
543306,Free Bag - Remaining Users,1119.12,3,373.03999999999996
543352,Free Bag - Remaining Users,1619.48,4,404.87
543620,Free Bag - Remaining Users,0.0,0,
543694,Free Bag - Remaining Users,537.86,1,537.86
543696,Free Bag - Remaining Users,0.0,0,
543723,Free Bag - Remaining Users,0.0,0,
543816,Free Bag - Remaining Users,0.0,0,
543817,Free Bag - Remaining Users,622.3,1,622.3
543937,Free Bag - Remaining Users,2061.9700000000003,3,687.3233333333334
544002,Free Bag - Remaining Users,1430.76,3,476.92
544472,Free Bag - Remaining Users,0.0,0,
544480,Free Bag - Remaining Users,1384.91,3,461.6366666666667
544497,Free Bag - Remaining Users,332.0,1,332.0
544507,Free Bag - Remaining Users,0.0,0,
544536,Free Bag - Remaining Users,147.0,1,147.0
544818,Free Bag - Remaining Users,2118.15,2,1059.075
544839,Free Bag - Remaining Users,1163.37,3,387.78999999999996
544926,Free Bag - Remaining Users,1883.1999999999998,3,627.7333333333332
545010,Free Bag - Remaining Users,2797.3,3,932.4333333333334
545115,Free Bag - Remaining Users,1032.6,1,1032.6
545226,Free Bag - Remaining Users,863.92,3,287.9733333333333
545247,Free Bag - Remaining Users,818.0,1,818.0
545281,Free Bag - Remaining Users,0.0,0,
545510,Free Bag - Remaining Users,2107.88,3,702.6266666666667
545745,Free Bag - Remaining Users,1318.01,2,659.005
545981,Free Bag - Remaining Users,2498.36,5,499.672
546334,Free Bag - Remaining Users,213.09,1,213.09
546437,Free Bag - Remaining Users,2699.93,5,539.986
546612,Free Bag - Remaining Users,1014.8,1,1014.8
546842,Free Bag - Remaining Users,70.96,1,70.96
546884,Free Bag - Remaining Users,141.0,1,141.0
546937,Free Bag - Remaining Users,0.0,0,
547201,Free Bag - Remaining Users,138.0,1,138.0
547301,Free Bag - Remaining Users,878.92,2,439.46
547836,Free Bag - Remaining Users,1637.0900000000001,3,545.6966666666667
548006,Free Bag - Remaining Users,971.7900000000001,2,485.89500000000004
548040,Free Bag - Remaining Users,3265.73,3,1088.5766666666666
548093,Free Bag - Remaining Users,198.0,1,198.0
548228,Free Bag - Remaining Users,109.0,1,109.0
548230,Free Bag - Remaining Users,990.12,3,330.04
548310,Free Bag - Remaining Users,928.62,1,928.62
548672,Free Bag - Remaining Users,2713.46,4,678.365
548743,Free Bag - Remaining Users,705.59,2,352.795
549202,Free Bag - Remaining Users,2053.0,5,410.6
549274,Free Bag - Remaining Users,156.22,1,156.22
549390,Free Bag - Remaining Users,462.84000000000003,3,154.28
549764,Free Bag - Remaining Users,780.3100000000001,3,260.10333333333335
549992,Free Bag - Remaining Users,1048.4,2,524.2
550028,Free Bag - Remaining Users,467.37,1,467.37
550134,Free Bag - Remaining Users,1366.3500000000001,2,683.1750000000001
550221,Free Bag - Remaining Users,3963.84,3,1321.28
550421,Free Bag - Remaining Users,390.44,1,390.44
550442,Free Bag - Remaining Users,774.35,2,387.175
550887,Free Bag - Remaining Users,289.0,2,144.5
551042,Free Bag - Remaining Users,2533.35,5,506.66999999999996
551210,Free Bag - Remaining Users,0.0,0,
551473,Free Bag - Remaining Users,143.86,1,143.86
551488,Free Bag - Remaining Users,562.0,2,281.0
551665,Free Bag - Remaining Users,1766.27,4,441.5675
551729,Free Bag - Remaining Users,686.74,1,686.74
551908,Free Bag - Remaining Users,0.0,0,
551935,Free Bag - Remaining Users,270.0,1,270.0
552302,Free Bag - Remaining Users,0.0,0,
552506,Free Bag - Remaining Users,407.96,1,407.96
552649,Free Bag - Remaining Users,1130.67,2,565.335
552760,Free Bag - Remaining Users,1402.22,3,467.4066666666667
552929,Free Bag - Remaining Users,1342.3,4,335.575
553559,Free Bag - Remaining Users,988.04,2,494.02
553631,Free Bag - Remaining Users,0.0,0,
553633,Free Bag - Remaining Users,0.0,0,
553743,Free Bag - Remaining Users,75.29,1,75.29
553955,Free Bag - Remaining Users,2260.14,6,376.69
554141,Free Bag - Remaining Users,2657.9,4,664.475
554155,Free Bag - Remaining Users,865.49,2,432.745
554357,Free Bag - Remaining Users,0.0,0,
554507,Free Bag - Remaining Users,734.46,3,244.82000000000002
554632,Free Bag - Remaining Users,101.9,1,101.9
554724,Free Bag - Remaining Users,218.0,1,218.0
554949,Free Bag - Remaining Users,0.0,0,
554956,Free Bag - Remaining Users,2155.76,5,431.15200000000004
555250,Free Bag - Remaining Users,689.07,1,689.07
555334,Free Bag - Remaining Users,1709.07,1,1709.07
555712,Free Bag - Remaining Users,0.0,0,
555990,Free Bag - Remaining Users,137.0,1,137.0
556043,Free Bag - Remaining Users,1585.14,1,1585.14
556119,Free Bag - Remaining Users,1555.79,2,777.895
556199,Free Bag - Remaining Users,0.0,0,
556268,Free Bag - Remaining Users,558.98,2,279.49
556744,Free Bag - Remaining Users,3763.6900000000005,3,1254.5633333333335
556827,Free Bag - Remaining Users,1169.12,3,389.70666666666665
556906,Free Bag - Remaining Users,1969.12,3,656.3733333333333
557108,Free Bag - Remaining Users,368.58,1,368.58
557248,Free Bag - Remaining Users,0.0,0,
557496,Free Bag - Remaining Users,568.41,1,568.41
557799,Free Bag - Remaining Users,78.0,1,78.0
557992,Free Bag - Remaining Users,0.0,0,
558147,Free Bag - Remaining Users,828.0,1,828.0
558395,Free Bag - Remaining Users,136.0,1,136.0
558466,Free Bag - Remaining Users,1222.82,2,611.41
558489,Free Bag - Remaining Users,1357.1299999999999,3,452.3766666666666
558659,Free Bag - Remaining Users,727.16,1,727.16
558919,Free Bag - Remaining Users,0.0,0,
559071,Free Bag - Remaining Users,767.37,3,255.79
559093,Free Bag - Remaining Users,2435.48,5,487.096
559148,Free Bag - Remaining Users,1800.58,3,600.1933333333333
559164,Free Bag - Remaining Users,607.54,1,607.54
559277,Free Bag - Remaining Users,1271.28,4,317.82
559324,Free Bag - Remaining Users,1334.26,3,444.75333333333333
559832,Free Bag - Remaining Users,0.0,0,
559918,Free Bag - Remaining Users,1566.71,3,522.2366666666667
560175,Free Bag - Remaining Users,240.39000000000001,2,120.19500000000001
560273,Free Bag - Remaining Users,2120.8,3,706.9333333333334
560362,Free Bag - Remaining Users,2040.06,4,510.015
560433,Free Bag - Remaining Users,0.0,0,
560478,Free Bag - Remaining Users,753.37,2,376.685
560497,Free Bag - Remaining Users,688.16,1,688.16
560508,Free Bag - Remaining Users,323.14,1,323.14
560723,Free Bag - Remaining Users,0.0,0,
560888,Free Bag - Remaining Users,2064.43,3,688.1433333333333
561037,Free Bag - Remaining Users,625.74,2,312.87
561044,Free Bag - Remaining Users,0.0,0,
561333,Free Bag - Remaining Users,0.0,0,
561519,Free Bag - Remaining Users,857.0,2,428.5
561642,Free Bag - Remaining Users,2413.39,4,603.3475
561652,Free Bag - Remaining Users,2465.58,3,821.86
561665,Free Bag - Remaining Users,3049.36,1,3049.36
562010,Free Bag - Remaining Users,2508.24,5,501.64799999999997
562209,Free Bag - Remaining Users,3983.6,2,1991.8
562315,Free Bag - Remaining Users,1069.5900000000001,2,534.7950000000001
562587,Free Bag - Remaining Users,113.0,1,113.0
562708,Free Bag - Remaining Users,1902.05,5,380.40999999999997
562814,Free Bag - Remaining Users,138.0,1,138.0
562888,Free Bag - Remaining Users,0.0,0,
563052,Free Bag - Remaining Users,78.0,1,78.0
563335,Free Bag - Remaining Users,614.69,1,614.69
563342,Free Bag - Remaining Users,1492.4,1,1492.4
563598,Free Bag - Remaining Users,678.14,2,339.07
563691,Free Bag - Remaining Users,105.0,1,105.0
563956,Free Bag - Remaining Users,1460.85,2,730.425
564498,Free Bag - Remaining Users,0.0,0,
564588,Free Bag - Remaining Users,266.9,2,133.45
564593,Free Bag - Remaining Users,864.71,2,432.355
564604,Free Bag - Remaining Users,1327.98,3,442.66
564737,Free Bag - Remaining Users,863.38,1,863.38
564962,Free Bag - Remaining Users,2768.09,4,692.0225
565076,Free Bag - Remaining Users,0.0,0,
565419,Free Bag - Remaining Users,788.05,3,262.68333333333334
565459,Free Bag - Remaining Users,2122.25,3,707.4166666666666
565460,Free Bag - Remaining Users,1415.88,3,471.96000000000004
565464,Free Bag - Remaining Users,954.3299999999999,2,477.16499999999996
565826,Free Bag - Remaining Users,192.0,1,192.0
566096,Free Bag - Remaining Users,1615.8200000000002,4,403.95500000000004
566275,Free Bag - Remaining Users,1001.26,2,500.63
566279,Free Bag - Remaining Users,552.93,1,552.93
566338,Free Bag - Remaining Users,670.16,1,670.16
566626,Free Bag - Remaining Users,320.84,1,320.84
566702,Free Bag - Remaining Users,1796.88,3,598.96
566998,Free Bag - Remaining Users,1858.3400000000001,2,929.1700000000001
567052,Free Bag - Remaining Users,99.95,1,99.95
567245,Free Bag - Remaining Users,0.0,0,
567458,Free Bag - Remaining Users,544.04,1,544.04
567651,Free Bag - Remaining Users,2495.96,4,623.99
567943,Free Bag - Remaining Users,0.0,0,
568086,Free Bag - Remaining Users,680.26,1,680.26
568155,Free Bag - Remaining Users,394.0,1,394.0
568513,Free Bag - Remaining Users,180.0,2,90.0
568713,Free Bag - Remaining Users,2704.36,4,676.09
568917,Free Bag - Remaining Users,0.0,0,
568984,Free Bag - Remaining Users,246.0,1,246.0
569107,Free Bag - Remaining Users,0.0,0,
569472,Free Bag - Remaining Users,1090.2,2,545.1
569643,Free Bag - Remaining Users,0.0,0,
569817,Free Bag - Remaining Users,463.31,3,154.43666666666667
569923,Free Bag - Remaining Users,646.32,1,646.32
570021,Free Bag - Remaining Users,3392.6899999999996,3,1130.8966666666665
570162,Free Bag - Remaining Users,1907.6100000000001,4,476.90250000000003
570369,Free Bag - Remaining Users,1794.42,4,448.605
570862,Free Bag - Remaining Users,252.0,1,252.0
570930,Free Bag - Remaining Users,74.96,1,74.96
571001,Free Bag - Remaining Users,1490.0,1,1490.0
571251,Free Bag - Remaining Users,691.0,1,691.0
571561,Free Bag - Remaining Users,221.56,1,221.56
571757,Free Bag - Remaining Users,0.0,0,
571913,Free Bag - Remaining Users,1414.83,2,707.415
571940,Free Bag - Remaining Users,645.21,2,322.605
572106,Free Bag - Remaining Users,322.0,1,322.0
572396,Free Bag - Remaining Users,1376.96,3,458.9866666666667
572870,Free Bag - Remaining Users,0.0,0,
572932,Free Bag - Remaining Users,0.0,0,
573237,Free Bag - Remaining Users,573.84,1,573.84
573244,Free Bag - Remaining Users,3121.96,4,780.49
573518,Free Bag - Remaining Users,1530.24,2,765.12
574279,Free Bag - Remaining Users,951.35,3,317.1166666666667
574362,Free Bag - Remaining Users,0.0,0,
574419,Free Bag - Remaining Users,745.21,2,372.605
574794,Free Bag - Remaining Users,1263.98,2,631.99
575233,Free Bag - Remaining Users,527.55,3,175.85
575692,Free Bag - Remaining Users,0.0,0,
575733,Free Bag - Remaining Users,0.0,0,
576357,Free Bag - Remaining Users,418.85,2,209.425
576369,Free Bag - Remaining Users,191.81,1,191.81
576922,Free Bag - Remaining Users,0.0,0,
577074,Free Bag - Remaining Users,1167.13,4,291.7825
577534,Free Bag - Remaining Users,1624.27,1,1624.27
577539,Free Bag - Remaining Users,1308.91,2,654.455
577625,Free Bag - Remaining Users,1269.75,2,634.875
577921,Free Bag - Remaining Users,394.15,2,197.075
577944,Free Bag - Remaining Users,145.85,1,145.85
578164,Free Bag - Remaining Users,825.27,2,412.635
578607,Free Bag - Remaining Users,2748.08,6,458.0133333333333
578892,Free Bag - Remaining Users,2534.92,4,633.73
579021,Free Bag - Remaining Users,498.55,1,498.55
579230,Free Bag - Remaining Users,216.93,1,216.93
579323,Free Bag - Remaining Users,1460.56,3,486.8533333333333
579714,Free Bag - Remaining Users,311.0,2,155.5
579783,Free Bag - Remaining Users,0.0,0,
579846,Free Bag - Remaining Users,144.85,1,144.85
579999,Free Bag - Remaining Users,130.0,1,130.0
580026,Free Bag - Remaining Users,0.0,0,
580077,Free Bag - Remaining Users,506.83,2,253.415
581307,Free Bag - Remaining Users,1636.99,3,545.6633333333333
581365,Free Bag - Remaining Users,476.72,1,476.72
581461,Free Bag - Remaining Users,302.0,1,302.0
581858,Free Bag - Remaining Users,1070.85,2,535.425
581901,Free Bag - Remaining Users,2408.29,5,481.658
582002,Free Bag - Remaining Users,0.0,0,
582241,Free Bag - Remaining Users,0.0,0,
582482,Free Bag - Remaining Users,748.72,2,374.36
582636,Free Bag - Remaining Users,1109.5500000000002,2,554.7750000000001
583134,Free Bag - Remaining Users,436.75,1,436.75
583190,Free Bag - Remaining Users,0.0,0,
583336,Free Bag - Remaining Users,538.75,2,269.375
583483,Free Bag - Remaining Users,793.11,1,793.11
584134,Free Bag - Remaining Users,1696.25,2,848.125
584217,Free Bag - Remaining Users,0.0,0,
584423,Free Bag - Remaining Users,751.81,2,375.905
585138,Free Bag - Remaining Users,0.0,0,
585722,Free Bag - Remaining Users,1448.0,3,482.6666666666667
586122,Free Bag - Remaining Users,747.5,2,373.75
586312,Free Bag - Remaining Users,2315.06,3,771.6866666666666
586631,Free Bag - Remaining Users,425.26,2,212.63
587134,Free Bag - Remaining Users,952.6,1,952.6
587195,Free Bag - Remaining Users,574.09,1,574.09
587313,Free Bag - Remaining Users,613.49,3,204.49666666666667
587459,Free Bag - Remaining Users,1716.08,4,429.02
587601,Free Bag - Remaining Users,0.0,0,
587753,Free Bag - Remaining Users,157.0,1,157.0
587899,Free Bag - Remaining Users,1878.28,2,939.14
588313,Free Bag - Remaining Users,954.72,1,954.72
588526,Free Bag - Remaining Users,0.0,0,
588560,Free Bag - Remaining Users,0.0,0,
588970,Free Bag - Remaining Users,581.78,3,193.92666666666665
589008,Free Bag - Remaining Users,0.0,0,
589539,Free Bag - Remaining Users,1219.0,2,609.5
589650,Free Bag - Remaining Users,2308.47,3,769.4899999999999
589775,Free Bag - Remaining Users,1216.8,3,405.59999999999997
589884,Free Bag - Remaining Users,737.4200000000001,3,245.8066666666667
590397,Free Bag - Remaining Users,321.0,2,160.5
590412,Free Bag - Remaining Users,835.86,1,835.86
590468,Free Bag - Remaining Users,102.23,2,51.115
590473,Free Bag - Remaining Users,1498.33,2,749.165
590659,Free Bag - Remaining Users,90.0,1,90.0
590981,Free Bag - Remaining Users,1274.95,3,424.98333333333335
591097,Free Bag - Remaining Users,1929.48,4,482.37
591328,Free Bag - Remaining Users,0.0,0,
591381,Free Bag - Remaining Users,2255.33,2,1127.665
592079,Free Bag - Remaining Users,0.0,0,
592132,Free Bag - Remaining Users,663.88,2,331.94
592366,Free Bag - Remaining Users,1248.42,3,416.14000000000004
592886,Free Bag - Remaining Users,1653.06,3,551.02
593398,Free Bag - Remaining Users,0.0,0,
593401,Free Bag - Remaining Users,678.53,2,339.265
593672,Free Bag - Remaining Users,3558.47,3,1186.1566666666665
594000,Free Bag - Remaining Users,170.0,1,170.0
594146,Free Bag - Remaining Users,160.0,1,160.0
594516,Free Bag - Remaining Users,0.0,0,
594875,Free Bag - Remaining Users,222.0,1,222.0
595283,Free Bag - Remaining Users,301.04,1,301.04
595442,Free Bag - Remaining Users,1478.72,4,369.68
595506,Free Bag - Remaining Users,0.0,0,
595690,Free Bag - Remaining Users,0.0,0,
595897,Free Bag - Remaining Users,347.65,1,347.65
596103,Free Bag - Remaining Users,987.64,2,493.82
596186,Free Bag - Remaining Users,723.62,2,361.81
596220,Free Bag - Remaining Users,934.69,2,467.345
596222,Free Bag - Remaining Users,1014.2,3,338.06666666666666
596349,Free Bag - Remaining Users,284.0,1,284.0
596409,Free Bag - Remaining Users,1007.8000000000001,2,503.90000000000003
596820,Free Bag - Remaining Users,339.81,1,339.81
597734,Free Bag - Remaining Users,1523.75,3,507.9166666666667
597946,Free Bag - Remaining Users,389.11,2,194.555
598526,Free Bag - Remaining Users,94.0,1,94.0
599244,Free Bag - Remaining Users,201.71,1,201.71
599909,Free Bag - Remaining Users,0.0,0,
600304,Free Bag - Remaining Users,792.23,2,396.115
600561,Free Bag - Remaining Users,1648.96,2,824.48
601116,Free Bag - Remaining Users,699.99,2,349.995
601894,Free Bag - Remaining Users,586.1700000000001,2,293.08500000000004
602478,Free Bag - Remaining Users,576.0,2,288.0
602921,Free Bag - Remaining Users,956.27,1,956.27
603053,Free Bag - Remaining Users,1990.72,3,663.5733333333334
603100,Free Bag - Remaining Users,144.0,1,144.0
603221,Free Bag - Remaining Users,0.0,0,
603341,Free Bag - Remaining Users,0.0,0,
603809,Free Bag - Remaining Users,534.81,2,267.405
604388,Free Bag - Remaining Users,534.42,1,534.42
604664,Free Bag - Remaining Users,0.0,0,
605136,Free Bag - Remaining Users,260.0,1,260.0
605558,Free Bag - Remaining Users,1523.79,5,304.758
606283,Free Bag - Remaining Users,460.15,1,460.15
606456,Free Bag - Remaining Users,0.0,0,
606762,Free Bag - Remaining Users,1330.57,3,443.5233333333333
607626,Free Bag - Remaining Users,74.0,1,74.0
607706,Free Bag - Remaining Users,489.79,2,244.895
608287,Free Bag - Remaining Users,1740.62,4,435.155
608478,Free Bag - Remaining Users,636.09,3,212.03
608786,Free Bag - Remaining Users,0.0,0,
608970,Free Bag - Remaining Users,396.7,1,396.7
610294,Free Bag - Remaining Users,1900.8600000000001,2,950.4300000000001
610395,Free Bag - Remaining Users,1721.74,3,573.9133333333333
610905,Free Bag - Remaining Users,0.0,0,
610909,Free Bag - Remaining Users,2354.73,2,1177.365
611031,Free Bag - Remaining Users,0.0,0,
611087,Free Bag - Remaining Users,1140.95,2,570.475
611350,Free Bag - Remaining Users,790.82,1,790.82
611852,Free Bag - Remaining Users,496.10999999999996,2,248.05499999999998
612226,Free Bag - Remaining Users,0.0,0,
612685,Free Bag - Remaining Users,874.27,2,437.135
613164,Free Bag - Remaining Users,359.32,3,119.77333333333333
613275,Free Bag - Remaining Users,1031.83,3,343.9433333333333
613383,Free Bag - Remaining Users,449.96,1,449.96
614092,Free Bag - Remaining Users,235.0,2,117.5
614793,Free Bag - Remaining Users,492.85,1,492.85
614828,Free Bag - Remaining Users,907.27,2,453.635
614846,Free Bag - Remaining Users,0.0,0,
615544,Free Bag - Remaining Users,167.06,1,167.06
615674,Free Bag - Remaining Users,138.0,1,138.0
615922,Free Bag - Remaining Users,761.03,2,380.515
616086,Free Bag - Remaining Users,0.0,0,
616125,Free Bag - Remaining Users,718.32,1,718.32
616470,Free Bag - Remaining Users,1435.94,2,717.97
616734,Free Bag - Remaining Users,0.0,0,
616795,Free Bag - Remaining Users,1430.04,4,357.51
616950,Free Bag - Remaining Users,524.15,1,524.15
617606,Free Bag - Remaining Users,0.0,0,
617990,Free Bag - Remaining Users,0.0,0,
618201,Free Bag - Remaining Users,3967.1,2,1983.55
618664,Free Bag - Remaining Users,335.66,1,335.66
619918,Free Bag - Remaining Users,1194.06,3,398.02
619983,Free Bag - Remaining Users,304.0,1,304.0
620394,Free Bag - Remaining Users,1419.8600000000001,2,709.9300000000001
620690,Free Bag - Remaining Users,512.04,2,256.02
620719,Free Bag - Remaining Users,136.0,1,136.0
620991,Free Bag - Remaining Users,850.38,2,425.19
621552,Free Bag - Remaining Users,0.0,0,
622464,Free Bag - Remaining Users,803.38,2,401.69
622708,Free Bag - Remaining Users,1133.02,4,283.255
623941,Free Bag - Remaining Users,2560.69,4,640.1725
625597,Free Bag - Remaining Users,496.61,2,248.305
625700,Free Bag - Remaining Users,0.0,0,
626114,Free Bag - Remaining Users,0.0,0,
626519,Free Bag - Remaining Users,1049.18,3,349.7266666666667
626520,Free Bag - Remaining Users,1220.25,2,610.125
627451,Free Bag - Remaining Users,1301.15,3,433.7166666666667
627893,Free Bag - Remaining Users,1262.43,3,420.81
628752,Free Bag - Remaining Users,856.85,2,428.425
628762,Free Bag - Remaining Users,53.0,1,53.0
630694,Free Bag - Remaining Users,1526.93,2,763.465
631201,Free Bag - Remaining Users,1847.13,2,923.565
631388,Free Bag - Remaining Users,1959.3,2,979.65
631872,Free Bag - Remaining Users,0.0,0,
632316,Free Bag - Remaining Users,3111.8999999999996,3,1037.3
632461,Free Bag - Remaining Users,289.74,1,289.74
633235,Free Bag - Remaining Users,98.0,1,98.0
633406,Free Bag - Remaining Users,72.7,2,36.35
634601,Free Bag - Remaining Users,0.0,0,
634739,Free Bag - Remaining Users,0.0,0,
635861,Free Bag - Remaining Users,914.03,1,914.03
636078,Free Bag - Remaining Users,3769.37,3,1256.4566666666667
636739,Free Bag - Remaining Users,531.74,1,531.74
637555,Free Bag - Remaining Users,0.0,0,
637633,Free Bag - Remaining Users,1234.67,3,411.5566666666667
638162,Free Bag - Remaining Users,1394.21,6,232.36833333333334
638874,Free Bag - Remaining Users,646.53,2,323.265
639571,Free Bag - Remaining Users,2535.27,3,845.09
640451,Free Bag - Remaining Users,0.0,0,
641012,Free Bag - Remaining Users,741.46,3,247.15333333333334
641102,Free Bag - Remaining Users,1819.35,3,606.4499999999999
641106,Free Bag - Remaining Users,3128.6499999999996,3,1042.8833333333332
641529,Free Bag - Remaining Users,438.0,2,219.0
642215,Free Bag - Remaining Users,0.0,0,
643324,Free Bag - Remaining Users,0.0,0,
644438,Free Bag - Remaining Users,0.0,0,
645415,Free Bag - Remaining Users,860.55,2,430.275
645664,Free Bag - Remaining Users,480.0,1,480.0
647016,Free Bag - Remaining Users,252.0,1,252.0
647597,Free Bag - Remaining Users,2784.36,1,2784.36
647862,Free Bag - Remaining Users,254.0,1,254.0
651274,Free Bag - Remaining Users,0.0,0,
653197,Free Bag - Remaining Users,0.0,0,
653228,Free Bag - Remaining Users,0.0,0,
654687,Free Bag - Remaining Users,454.43,3,151.47666666666666
655022,Free Bag - Remaining Users,0.0,0,
655051,Free Bag - Remaining Users,1027.64,1,1027.64
656626,Free Bag - Remaining Users,0.0,0,
658774,Free Bag - Remaining Users,777.33,2,388.665
660821,Free Bag - Remaining Users,0.0,0,
660959,Free Bag - Remaining Users,0.0,0,
661614,Free Bag - Remaining Users,297.0,1,297.0
661697,Free Bag - Remaining Users,2692.08,2,1346.04
663376,Free Bag - Remaining Users,451.82,1,451.82
664617,Free Bag - Remaining Users,1239.77,4,309.9425
664663,Free Bag - Remaining Users,1397.81,5,279.562
665329,Free Bag - Remaining Users,3963.7599999999998,3,1321.2533333333333
665397,Free Bag - Remaining Users,912.75,2,456.375
665676,Free Bag - Remaining Users,469.54,1,469.54
665980,Free Bag - Remaining Users,0.0,0,
666942,Free Bag - Remaining Users,0.0,0,
667643,Free Bag - Remaining Users,0.0,0,
673286,Free Bag - Remaining Users,324.0,2,162.0
676707,Free Bag - Remaining Users,2574.28,1,2574.28
677842,Free Bag - Remaining Users,0.0,0,
680735,Free Bag - Remaining Users,3786.47,3,1262.1566666666665
684521,Free Bag - Remaining Users,1302.28,2,651.14
684764,Free Bag - Remaining Users,579.56,1,579.56
685958,Free Bag - Remaining Users,0.0,0,
686915,Free Bag - Remaining Users,0.0,0,
689456,Free Bag - Remaining Users,262.0,1,262.0
695307,Free Bag - Remaining Users,554.18,2,277.09
700028,Free Bag - Remaining Users,400.6,2,200.3
705310,Free Bag - Remaining Users,2951.01,2,1475.505
707402,Free Bag - Remaining Users,0.0,0,
711391,Free Bag - Remaining Users,2791.2299999999996,4,697.8074999999999
721552,Free Bag - Remaining Users,301.04,1,301.04
722939,Free Bag - Remaining Users,300.16,1,300.16
730639,Free Bag - Remaining Users,2176.92,2,1088.46
739139,Free Bag - Remaining Users,0.0,0,
739734,Free Bag - Remaining Users,88.0,1,88.0
746934,Free Bag - Remaining Users,0.0,0,
748759,Free Bag - Remaining Users,0.0,0,
750982,Free Bag - Remaining Users,1830.4099999999999,4,457.60249999999996
756030,Free Bag - Remaining Users,1804.18,3,601.3933333333333
763792,Free Bag - Remaining Users,84.0,1,84.0
765745,Free Bag - Remaining Users,635.0899999999999,2,317.54499999999996
785107,Free Bag - Remaining Users,1821.72,4,455.43
133058,Free Bag - Remaining Users,628.2,2,314.1
371201,Free Bag - Remaining Users,973.87,2,486.935
381259,Free Bag - Remaining Users,1133.32,2,566.66
395202,Free Bag - Remaining Users,431.0,2,215.5
407642,Free Bag - Remaining Users,1121.72,3,373.9066666666667
423413,Free Bag - Remaining Users,538.0,1,538.0
425653,Free Bag - Remaining Users,165.0,1,165.0
427426,Free Bag - Remaining Users,1534.1200000000001,4,383.53000000000003
431144,Free Bag - Remaining Users,940.68,3,313.56
433905,Free Bag - Remaining Users,421.78999999999996,2,210.89499999999998
435231,Free Bag - Remaining Users,604.1800000000001,4,151.04500000000002
435837,Free Bag - Remaining Users,1029.23,3,343.07666666666665
438995,Free Bag - Remaining Users,48.0,1,48.0
439120,Free Bag - Remaining Users,890.82,2,445.41
439363,Free Bag - Remaining Users,1503.3899999999999,6,250.56499999999997
441457,Free Bag - Remaining Users,2116.47,5,423.294
442819,Free Bag - Remaining Users,994.49,2,497.245
443453,Free Bag - Remaining Users,2736.44,5,547.288
446473,Free Bag - Remaining Users,2787.86,5,557.572
447591,Free Bag - Remaining Users,546.0,2,273.0
448467,Free Bag - Remaining Users,556.89,3,185.63
451674,Free Bag - Remaining Users,0.0,0,
454264,Free Bag - Remaining Users,1091.54,2,545.77
454616,Free Bag - Remaining Users,1689.2600000000002,2,844.6300000000001
457967,Free Bag - Remaining Users,0.0,0,
460181,Free Bag - Remaining Users,850.31,3,283.43666666666667
462127,Free Bag - Remaining Users,1260.4299999999998,4,315.10749999999996
463652,Free Bag - Remaining Users,467.54,2,233.77
464542,Free Bag - Remaining Users,1076.6599999999999,2,538.3299999999999
466342,Free Bag - Remaining Users,858.77,3,286.25666666666666
468106,Free Bag - Remaining Users,3628.88,5,725.7760000000001
468666,Free Bag - Remaining Users,1955.33,4,488.8325
471565,Free Bag - Remaining Users,463.76,2,231.88
471973,Free Bag - Remaining Users,27.99,1,27.99
473332,Free Bag - Remaining Users,2388.61,4,597.1525
476173,Free Bag - Remaining Users,255.0,1,255.0
476916,Free Bag - Remaining Users,0.0,0,
479071,Free Bag - Remaining Users,2514.7799999999997,6,419.12999999999994
479101,Free Bag - Remaining Users,558.9300000000001,2,279.46500000000003
482630,Free Bag - Remaining Users,1225.6100000000001,3,408.5366666666667
485149,Free Bag - Remaining Users,1476.83,4,369.2075
485518,Free Bag - Remaining Users,338.37,1,338.37
485591,Free Bag - Remaining Users,2661.4799999999996,5,532.2959999999999
486046,Free Bag - Remaining Users,96.0,1,96.0
486191,Free Bag - Remaining Users,312.0,1,312.0
486268,Free Bag - Remaining Users,0.0,0,
488009,Free Bag - Remaining Users,351.46000000000004,2,175.73000000000002
488246,Free Bag - Remaining Users,333.83,1,333.83
488539,Free Bag - Remaining Users,0.0,0,
488974,Free Bag - Remaining Users,1314.72,4,328.68
489661,Free Bag - Remaining Users,264.0,1,264.0
489786,Free Bag - Remaining Users,0.0,0,
491003,Free Bag - Remaining Users,1233.43,2,616.715
491559,Free Bag - Remaining Users,1878.91,3,626.3033333333334
492614,Free Bag - Remaining Users,818.36,1,818.36
492999,Free Bag - Remaining Users,1540.4,2,770.2
494441,Free Bag - Remaining Users,0.0,0,
495042,Free Bag - Remaining Users,3832.16,6,638.6933333333333
495080,Free Bag - Remaining Users,612.04,1,612.04
497108,Free Bag - Remaining Users,2551.3900000000003,4,637.8475000000001
498298,Free Bag - Remaining Users,981.9100000000001,4,245.47750000000002
499038,Free Bag - Remaining Users,2296.5,4,574.125
499379,Free Bag - Remaining Users,765.82,2,382.91
499969,Free Bag - Remaining Users,39.0,1,39.0
500257,Free Bag - Remaining Users,1469.39,3,489.7966666666667
500493,Free Bag - Remaining Users,2481.48,3,827.16
500646,Free Bag - Remaining Users,1254.22,4,313.555
501344,Free Bag - Remaining Users,871.22,2,435.61
501780,Free Bag - Remaining Users,0.0,0,
502995,Free Bag - Remaining Users,0.0,0,
503049,Free Bag - Remaining Users,0.0,0,
503773,Free Bag - Remaining Users,0.0,0,
504579,Free Bag - Remaining Users,0.0,0,
504669,Free Bag - Remaining Users,1410.25,2,705.125
505230,Free Bag - Remaining Users,1784.91,3,594.97
505289,Free Bag - Remaining Users,915.48,3,305.16
505680,Free Bag - Remaining Users,2892.06,4,723.015
506611,Free Bag - Remaining Users,1332.74,5,266.548
507133,Free Bag - Remaining Users,3093.9900000000002,3,1031.3300000000002
507207,Free Bag - Remaining Users,669.0,2,334.5
507573,Free Bag - Remaining Users,1048.3,3,349.43333333333334
508096,Free Bag - Remaining Users,1550.1599999999999,3,516.7199999999999
508367,Free Bag - Remaining Users,2405.58,5,481.116
508497,Free Bag - Remaining Users,611.24,2,305.62
508546,Free Bag - Remaining Users,1165.5,4,291.375
508611,Free Bag - Remaining Users,1042.0,1,1042.0
508713,Free Bag - Remaining Users,883.76,1,883.76
508891,Free Bag - Remaining Users,675.01,2,337.505
508917,Free Bag - Remaining Users,834.67,2,417.335
508944,Free Bag - Remaining Users,1262.04,2,631.02
509001,Free Bag - Remaining Users,0.0,0,
509052,Free Bag - Remaining Users,596.01,1,596.01
509202,Free Bag - Remaining Users,487.72,2,243.86
509316,Free Bag - Remaining Users,2751.91,4,687.9775
509346,Free Bag - Remaining Users,713.09,3,237.6966666666667
509354,Free Bag - Remaining Users,884.5799999999999,4,221.14499999999998
509402,Free Bag - Remaining Users,0.0,0,
509413,Free Bag - Remaining Users,2717.92,2,1358.96
509435,Free Bag - Remaining Users,3380.01,4,845.0025
509459,Free Bag - Remaining Users,2160.6800000000003,2,1080.3400000000001
509603,Free Bag - Remaining Users,589.0899999999999,2,294.54499999999996
509924,Free Bag - Remaining Users,0.0,0,
509969,Free Bag - Remaining Users,78.84,1,78.84
510081,Free Bag - Remaining Users,1129.01,3,376.33666666666664
510090,Free Bag - Remaining Users,534.33,1,534.33
510283,Free Bag - Remaining Users,0.0,0,
510379,Free Bag - Remaining Users,101.0,1,101.0
510490,Free Bag - Remaining Users,154.0,1,154.0
510511,Free Bag - Remaining Users,771.46,2,385.73
510582,Free Bag - Remaining Users,447.02,2,223.51
510953,Free Bag - Remaining Users,2637.09,2,1318.545
510961,Free Bag - Remaining Users,2004.07,4,501.0175
511017,Free Bag - Remaining Users,688.25,1,688.25
511066,Free Bag - Remaining Users,2010.3000000000002,3,670.1
511145,Free Bag - Remaining Users,885.82,3,295.27333333333337
511178,Free Bag - Remaining Users,1676.19,4,419.0475
511238,Free Bag - Remaining Users,0.0,0,
511424,Free Bag - Remaining Users,672.26,2,336.13
511589,Free Bag - Remaining Users,161.92,1,161.92
511608,Free Bag - Remaining Users,209.0,1,209.0
511697,Free Bag - Remaining Users,1502.2399999999998,4,375.55999999999995
511726,Free Bag - Remaining Users,617.98,2,308.99
511821,Free Bag - Remaining Users,0.0,0,
511923,Free Bag - Remaining Users,1249.44,2,624.72
511989,Free Bag - Remaining Users,0.0,0,
512016,Free Bag - Remaining Users,842.0,2,421.0
512144,Free Bag - Remaining Users,0.0,0,
512190,Free Bag - Remaining Users,168.0,1,168.0
512249,Free Bag - Remaining Users,0.0,0,
512416,Free Bag - Remaining Users,310.0,1,310.0
512552,Free Bag - Remaining Users,992.6899999999999,2,496.34499999999997
512623,Free Bag - Remaining Users,0.0,0,
512677,Free Bag - Remaining Users,209.71,1,209.71
512695,Free Bag - Remaining Users,1665.55,5,333.11
512900,Free Bag - Remaining Users,1167.35,4,291.8375
512984,Free Bag - Remaining Users,1655.9499999999998,3,551.9833333333332
513005,Free Bag - Remaining Users,217.33,1,217.33
513091,Free Bag - Remaining Users,0.0,0,
513093,Free Bag - Remaining Users,2330.42,4,582.605
513206,Free Bag - Remaining Users,0.0,0,
513317,Free Bag - Remaining Users,73.83,1,73.83
513422,Free Bag - Remaining Users,982.4300000000001,2,491.21500000000003
513509,Free Bag - Remaining Users,598.77,2,299.385
513568,Free Bag - Remaining Users,2702.94,2,1351.47
513620,Free Bag - Remaining Users,957.4200000000001,3,319.14000000000004
513661,Free Bag - Remaining Users,472.0,1,472.0
513776,Free Bag - Remaining Users,561.49,2,280.745
513823,Free Bag - Remaining Users,0.0,0,
513926,Free Bag - Remaining Users,3332.9,4,833.225
514071,Free Bag - Remaining Users,2156.95,3,718.9833333333332
514113,Free Bag - Remaining Users,522.1,2,261.05
514551,Free Bag - Remaining Users,348.48,1,348.48
514617,Free Bag - Remaining Users,3121.48,4,780.37
514639,Free Bag - Remaining Users,0.0,0,
514642,Free Bag - Remaining Users,0.0,0,
514684,Free Bag - Remaining Users,0.0,0,
514810,Free Bag - Remaining Users,648.45,3,216.15
514876,Free Bag - Remaining Users,304.0,1,304.0
515020,Free Bag - Remaining Users,1077.2,3,359.06666666666666
515168,Free Bag - Remaining Users,976.0,2,488.0
515198,Free Bag - Remaining Users,171.83,1,171.83
515258,Free Bag - Remaining Users,1879.49,3,626.4966666666667
515436,Free Bag - Remaining Users,217.0,1,217.0
515514,Free Bag - Remaining Users,0.0,0,
515947,Free Bag - Remaining Users,982.13,2,491.065
516039,Free Bag - Remaining Users,0.0,0,
516092,Free Bag - Remaining Users,2223.15,4,555.7875
516178,Free Bag - Remaining Users,1320.68,3,440.2266666666667
516282,Free Bag - Remaining Users,1330.4499999999998,2,665.2249999999999
516579,Free Bag - Remaining Users,1691.92,4,422.98
516590,Free Bag - Remaining Users,1034.26,2,517.13
516680,Free Bag - Remaining Users,0.0,0,
516697,Free Bag - Remaining Users,316.0,1,316.0
516744,Free Bag - Remaining Users,108.84,1,108.84
516763,Free Bag - Remaining Users,515.08,1,515.08
516933,Free Bag - Remaining Users,1951.18,3,650.3933333333333
516965,Free Bag - Remaining Users,2273.24,4,568.31
517142,Free Bag - Remaining Users,1340.5,3,446.8333333333333
517219,Free Bag - Remaining Users,0.0,0,
517231,Free Bag - Remaining Users,1304.88,2,652.44
517324,Free Bag - Remaining Users,472.44,1,472.44
517370,Free Bag - Remaining Users,1228.73,3,409.57666666666665
517415,Free Bag - Remaining Users,1369.08,1,1369.08
517445,Free Bag - Remaining Users,848.98,3,282.99333333333334
517545,Free Bag - Remaining Users,886.27,2,443.135
517548,Free Bag - Remaining Users,1202.71,3,400.90333333333336
517579,Free Bag - Remaining Users,2467.17,1,2467.17
517622,Free Bag - Remaining Users,0.0,0,
517732,Free Bag - Remaining Users,1252.38,2,626.19
517743,Free Bag - Remaining Users,2091.49,4,522.8725
517825,Free Bag - Remaining Users,1090.55,4,272.6375
517967,Free Bag - Remaining Users,982.94,2,491.47
518012,Free Bag - Remaining Users,739.25,2,369.625
518211,Free Bag - Remaining Users,2099.1800000000003,4,524.7950000000001
518324,Free Bag - Remaining Users,2793.54,5,558.708
518354,Free Bag - Remaining Users,0.0,0,
518422,Free Bag - Remaining Users,113.0,1,113.0
518533,Free Bag - Remaining Users,1468.1399999999999,3,489.37999999999994
518639,Free Bag - Remaining Users,329.1,1,329.1
518642,Free Bag - Remaining Users,891.0,1,891.0
518696,Free Bag - Remaining Users,66.0,1,66.0
518726,Free Bag - Remaining Users,1277.82,1,1277.82
518894,Free Bag - Remaining Users,1116.8,3,372.26666666666665
518925,Free Bag - Remaining Users,122.0,1,122.0
518931,Free Bag - Remaining Users,0.0,0,
518963,Free Bag - Remaining Users,594.36,2,297.18
519014,Free Bag - Remaining Users,1058.49,4,264.6225
519191,Free Bag - Remaining Users,135.93,1,135.93
519210,Free Bag - Remaining Users,1019.61,4,254.9025
519267,Free Bag - Remaining Users,426.38,1,426.38
519353,Free Bag - Remaining Users,182.0,1,182.0
519357,Free Bag - Remaining Users,1348.7,5,269.74
519392,Free Bag - Remaining Users,961.81,2,480.905
519412,Free Bag - Remaining Users,427.83000000000004,2,213.91500000000002
519419,Free Bag - Remaining Users,583.76,1,583.76
519695,Free Bag - Remaining Users,1539.0900000000001,3,513.0300000000001
519885,Free Bag - Remaining Users,2255.42,3,751.8066666666667
519957,Free Bag - Remaining Users,1349.72,2,674.86
520106,Free Bag - Remaining Users,430.18,1,430.18
520170,Free Bag - Remaining Users,1856.26,2,928.13
520175,Free Bag - Remaining Users,1273.0,3,424.3333333333333
520307,Free Bag - Remaining Users,1407.58,3,469.1933333333333
520314,Free Bag - Remaining Users,644.0,2,322.0
520327,Free Bag - Remaining Users,1670.42,2,835.21
520405,Free Bag - Remaining Users,306.46,1,306.46
520491,Free Bag - Remaining Users,3340.6000000000004,5,668.1200000000001
520561,Free Bag - Remaining Users,0.0,0,
520619,Free Bag - Remaining Users,1185.48,2,592.74
520783,Free Bag - Remaining Users,1411.63,3,470.54333333333335
520804,Free Bag - Remaining Users,854.54,3,284.84666666666664
520882,Free Bag - Remaining Users,130.0,1,130.0
520920,Free Bag - Remaining Users,73.89,1,73.89
520934,Free Bag - Remaining Users,3193.37,1,3193.37
521004,Free Bag - Remaining Users,2080.44,4,520.11
521062,Free Bag - Remaining Users,0.0,0,
521192,Free Bag - Remaining Users,1072.01,3,357.33666666666664
521211,Free Bag - Remaining Users,97.0,1,97.0
521250,Free Bag - Remaining Users,1189.21,2,594.605
521286,Free Bag - Remaining Users,739.07,1,739.07
521416,Free Bag - Remaining Users,1799.0,3,599.6666666666666
521474,Free Bag - Remaining Users,2908.8,1,2908.8
521785,Free Bag - Remaining Users,650.52,2,325.26
521904,Free Bag - Remaining Users,424.55,1,424.55
521997,Free Bag - Remaining Users,1511.7,4,377.925
522134,Free Bag - Remaining Users,0.0,0,
522387,Free Bag - Remaining Users,480.0,1,480.0
522873,Free Bag - Remaining Users,807.06,1,807.06
522943,Free Bag - Remaining Users,133.0,1,133.0
523030,Free Bag - Remaining Users,550.62,2,275.31
523057,Free Bag - Remaining Users,0.0,0,
523273,Free Bag - Remaining Users,690.18,2,345.09
523392,Free Bag - Remaining Users,2574.7,3,858.2333333333332
523546,Free Bag - Remaining Users,851.65,3,283.8833333333333
523657,Free Bag - Remaining Users,3328.5,2,1664.25
523729,Free Bag - Remaining Users,157.0,1,157.0
523824,Free Bag - Remaining Users,945.1,2,472.55
523846,Free Bag - Remaining Users,948.93,2,474.465
524036,Free Bag - Remaining Users,1211.29,3,403.7633333333333
524151,Free Bag - Remaining Users,576.15,3,192.04999999999998
524214,Free Bag - Remaining Users,484.57,2,242.285
524278,Free Bag - Remaining Users,417.26,2,208.63
524318,Free Bag - Remaining Users,0.0,0,
524473,Free Bag - Remaining Users,1899.71,3,633.2366666666667
524650,Free Bag - Remaining Users,603.75,2,301.875
524682,Free Bag - Remaining Users,1914.4099999999999,2,957.2049999999999
524885,Free Bag - Remaining Users,0.0,0,
524913,Free Bag - Remaining Users,1227.0,1,1227.0
524923,Free Bag - Remaining Users,3542.23,3,1180.7433333333333
525043,Free Bag - Remaining Users,1471.9299999999998,3,490.64333333333326
525175,Free Bag - Remaining Users,406.0,1,406.0
525244,Free Bag - Remaining Users,1248.18,2,624.09
525615,Free Bag - Remaining Users,2357.99,6,392.9983333333333
525722,Free Bag - Remaining Users,2879.33,5,575.866
526032,Free Bag - Remaining Users,0.0,0,
526184,Free Bag - Remaining Users,438.56,1,438.56
526291,Free Bag - Remaining Users,0.0,0,
526435,Free Bag - Remaining Users,0.0,0,
526445,Free Bag - Remaining Users,870.03,3,290.01
526782,Free Bag - Remaining Users,1357.83,2,678.915
526872,Free Bag - Remaining Users,113.0,1,113.0
526900,Free Bag - Remaining Users,1081.8400000000001,3,360.6133333333334
526970,Free Bag - Remaining Users,2453.74,4,613.435
527019,Free Bag - Remaining Users,1036.85,2,518.425
527132,Free Bag - Remaining Users,470.37,2,235.185
527197,Free Bag - Remaining Users,3595.47,3,1198.49
527344,Free Bag - Remaining Users,820.47,2,410.235
527389,Free Bag - Remaining Users,226.0,2,113.0
527445,Free Bag - Remaining Users,0.0,0,
527524,Free Bag - Remaining Users,474.0,1,474.0
527541,Free Bag - Remaining Users,50.0,1,50.0
527689,Free Bag - Remaining Users,161.92,1,161.92
527735,Free Bag - Remaining Users,1040.32,1,1040.32
527886,Free Bag - Remaining Users,725.66,3,241.88666666666666
528137,Free Bag - Remaining Users,0.0,0,
528139,Free Bag - Remaining Users,312.0,1,312.0
528372,Free Bag - Remaining Users,171.0,1,171.0
528417,Free Bag - Remaining Users,1268.55,2,634.275
528744,Free Bag - Remaining Users,2086.23,4,521.5575
528826,Free Bag - Remaining Users,838.5899999999999,2,419.29499999999996
528929,Free Bag - Remaining Users,1933.15,2,966.575
529214,Free Bag - Remaining Users,1450.93,2,725.465
529216,Free Bag - Remaining Users,131.0,1,131.0
529231,Free Bag - Remaining Users,857.1600000000001,2,428.58000000000004
529249,Free Bag - Remaining Users,2597.14,3,865.7133333333333
529520,Free Bag - Remaining Users,3215.89,1,3215.89
529677,Free Bag - Remaining Users,173.0,1,173.0
529783,Free Bag - Remaining Users,1512.0,2,756.0
529840,Free Bag - Remaining Users,109.03,1,109.03
529913,Free Bag - Remaining Users,0.0,0,
530453,Free Bag - Remaining Users,0.0,0,
530599,Free Bag - Remaining Users,205.0,1,205.0
530656,Free Bag - Remaining Users,1114.14,2,557.07
530743,Free Bag - Remaining Users,1735.6200000000001,3,578.5400000000001
530797,Free Bag - Remaining Users,973.9399999999999,2,486.96999999999997
530906,Free Bag - Remaining Users,901.5,1,901.5
531322,Free Bag - Remaining Users,2082.5299999999997,4,520.6324999999999
531562,Free Bag - Remaining Users,458.0,2,229.0
531620,Free Bag - Remaining Users,0.0,0,
531625,Free Bag - Remaining Users,615.85,2,307.925
531650,Free Bag - Remaining Users,1343.77,3,447.92333333333335
531663,Free Bag - Remaining Users,577.4100000000001,2,288.70500000000004
531682,Free Bag - Remaining Users,0.0,0,
531967,Free Bag - Remaining Users,0.0,0,
532159,Free Bag - Remaining Users,915.19,2,457.595
532225,Free Bag - Remaining Users,1654.96,3,551.6533333333333
532535,Free Bag - Remaining Users,1071.25,3,357.0833333333333
532623,Free Bag - Remaining Users,785.77,2,392.885
532627,Free Bag - Remaining Users,0.0,0,
532637,Free Bag - Remaining Users,398.0,2,199.0
532721,Free Bag - Remaining Users,929.6,3,309.8666666666667
532774,Free Bag - Remaining Users,0.0,0,
532823,Free Bag - Remaining Users,1586.47,4,396.6175
532901,Free Bag - Remaining Users,242.44,1,242.44
533093,Free Bag - Remaining Users,902.69,2,451.345
533449,Free Bag - Remaining Users,965.84,1,965.84
533573,Free Bag - Remaining Users,405.65,2,202.825
533895,Free Bag - Remaining Users,756.9399999999999,2,378.46999999999997
533975,Free Bag - Remaining Users,815.62,3,271.87333333333333
534246,Free Bag - Remaining Users,368.97,2,184.485
534564,Free Bag - Remaining Users,502.33,1,502.33
534697,Free Bag - Remaining Users,591.44,2,295.72
534742,Free Bag - Remaining Users,589.6600000000001,2,294.83000000000004
534798,Free Bag - Remaining Users,1114.93,3,371.6433333333334
534971,Free Bag - Remaining Users,556.86,2,278.43
535081,Free Bag - Remaining Users,1273.22,4,318.305
535149,Free Bag - Remaining Users,394.67,1,394.67
535155,Free Bag - Remaining Users,739.66,1,739.66
535365,Free Bag - Remaining Users,445.96000000000004,2,222.98000000000002
535497,Free Bag - Remaining Users,0.0,0,
535600,Free Bag - Remaining Users,795.79,3,265.2633333333333
535637,Free Bag - Remaining Users,878.85,3,292.95
535682,Free Bag - Remaining Users,0.0,0,
535734,Free Bag - Remaining Users,1120.2,2,560.1
535906,Free Bag - Remaining Users,1727.1200000000001,5,345.42400000000004
535994,Free Bag - Remaining Users,154.92,1,154.92
536170,Free Bag - Remaining Users,0.0,0,
536641,Free Bag - Remaining Users,2960.0,5,592.0
536658,Free Bag - Remaining Users,1265.7,2,632.85
536675,Free Bag - Remaining Users,1192.35,3,397.45
536791,Free Bag - Remaining Users,2983.51,3,994.5033333333334
536876,Free Bag - Remaining Users,414.69,1,414.69
536893,Free Bag - Remaining Users,397.52,2,198.76
537098,Free Bag - Remaining Users,2178.8,1,2178.8
537400,Free Bag - Remaining Users,640.0,2,320.0
537481,Free Bag - Remaining Users,106.95,1,106.95
537723,Free Bag - Remaining Users,416.24,1,416.24
537725,Free Bag - Remaining Users,747.3199999999999,2,373.65999999999997
537795,Free Bag - Remaining Users,1027.8,1,1027.8
537804,Free Bag - Remaining Users,180.9,1,180.9
537975,Free Bag - Remaining Users,60.0,1,60.0
538108,Free Bag - Remaining Users,439.58000000000004,2,219.79000000000002
538139,Free Bag - Remaining Users,845.27,1,845.27
538214,Free Bag - Remaining Users,495.84000000000003,3,165.28
538321,Free Bag - Remaining Users,747.99,2,373.995
538454,Free Bag - Remaining Users,647.2,3,215.73333333333335
538677,Free Bag - Remaining Users,267.12,1,267.12
538696,Free Bag - Remaining Users,144.95999999999998,2,72.47999999999999
539008,Free Bag - Remaining Users,1485.75,3,495.25
539140,Free Bag - Remaining Users,2755.69,3,918.5633333333334
539146,Free Bag - Remaining Users,596.71,1,596.71
539300,Free Bag - Remaining Users,1566.08,3,522.0266666666666
539384,Free Bag - Remaining Users,858.87,2,429.435
539493,Free Bag - Remaining Users,0.0,0,
539656,Free Bag - Remaining Users,170.0,1,170.0
539669,Free Bag - Remaining Users,1084.3200000000002,2,542.1600000000001
540014,Free Bag - Remaining Users,3431.58,3,1143.86
540226,Free Bag - Remaining Users,0.0,0,
540252,Free Bag - Remaining Users,645.3299999999999,2,322.66499999999996
540308,Free Bag - Remaining Users,219.38,1,219.38
540444,Free Bag - Remaining Users,2601.4900000000002,4,650.3725000000001
540597,Free Bag - Remaining Users,387.71,2,193.855
540642,Free Bag - Remaining Users,28.0,1,28.0
540666,Free Bag - Remaining Users,1338.77,2,669.385
540708,Free Bag - Remaining Users,1521.5900000000001,4,380.39750000000004
540966,Free Bag - Remaining Users,0.0,0,
541083,Free Bag - Remaining Users,3032.18,1,3032.18
541236,Free Bag - Remaining Users,0.0,0,
541438,Free Bag - Remaining Users,422.07000000000005,2,211.03500000000003
541497,Free Bag - Remaining Users,0.0,0,
541735,Free Bag - Remaining Users,656.0,1,656.0
542189,Free Bag - Remaining Users,504.38,1,504.38
542267,Free Bag - Remaining Users,0.0,0,
542366,Free Bag - Remaining Users,961.91,3,320.63666666666666
542383,Free Bag - Remaining Users,1429.67,3,476.5566666666667
542570,Free Bag - Remaining Users,453.66,1,453.66
542658,Free Bag - Remaining Users,3501.89,3,1167.2966666666666
542706,Free Bag - Remaining Users,93.0,1,93.0
542857,Free Bag - Remaining Users,0.0,0,
543074,Free Bag - Remaining Users,424.11,1,424.11
543165,Free Bag - Remaining Users,1421.26,3,473.75333333333333
543240,Free Bag - Remaining Users,709.1700000000001,3,236.39000000000001
543428,Free Bag - Remaining Users,299.0,2,149.5
543437,Free Bag - Remaining Users,862.1,2,431.05
543557,Free Bag - Remaining Users,556.71,2,278.355
543618,Free Bag - Remaining Users,820.73,1,820.73
543810,Free Bag - Remaining Users,3212.7,6,535.4499999999999
543885,Free Bag - Remaining Users,156.0,1,156.0
544043,Free Bag - Remaining Users,1028.77,4,257.1925
544333,Free Bag - Remaining Users,0.0,0,
544364,Free Bag - Remaining Users,0.0,0,
544447,Free Bag - Remaining Users,458.87,2,229.435
544647,Free Bag - Remaining Users,86.0,1,86.0
544694,Free Bag - Remaining Users,1208.5,2,604.25
544749,Free Bag - Remaining Users,726.99,1,726.99
544868,Free Bag - Remaining Users,1046.44,2,523.22
545063,Free Bag - Remaining Users,0.0,0,
545208,Free Bag - Remaining Users,1026.66,1,1026.66
545264,Free Bag - Remaining Users,0.0,0,
545345,Free Bag - Remaining Users,506.71,1,506.71
545360,Free Bag - Remaining Users,591.1,2,295.55
545754,Free Bag - Remaining Users,0.0,0,
545810,Free Bag - Remaining Users,185.91,1,185.91
545939,Free Bag - Remaining Users,2008.46,4,502.115
545958,Free Bag - Remaining Users,230.74,1,230.74
546050,Free Bag - Remaining Users,2015.22,2,1007.61
546121,Free Bag - Remaining Users,808.84,1,808.84
546399,Free Bag - Remaining Users,256.53,1,256.53
546462,Free Bag - Remaining Users,599.0,2,299.5
546470,Free Bag - Remaining Users,592.55,1,592.55
546857,Free Bag - Remaining Users,324.0,1,324.0
547181,Free Bag - Remaining Users,3045.24,3,1015.0799999999999
547320,Free Bag - Remaining Users,148.93,1,148.93
547336,Free Bag - Remaining Users,426.5,1,426.5
547453,Free Bag - Remaining Users,1460.94,3,486.98
547617,Free Bag - Remaining Users,802.13,3,267.37666666666667
547817,Free Bag - Remaining Users,1014.6600000000001,3,338.22
547825,Free Bag - Remaining Users,743.5,2,371.75
547834,Free Bag - Remaining Users,0.0,0,
547911,Free Bag - Remaining Users,1222.29,2,611.145
547997,Free Bag - Remaining Users,327.48,1,327.48
548120,Free Bag - Remaining Users,1324.37,3,441.45666666666665
548185,Free Bag - Remaining Users,414.0,2,207.0
548448,Free Bag - Remaining Users,1531.8200000000002,3,510.60666666666674
548488,Free Bag - Remaining Users,1687.4299999999998,3,562.4766666666666
548872,Free Bag - Remaining Users,166.0,1,166.0
549290,Free Bag - Remaining Users,162.0,1,162.0
549313,Free Bag - Remaining Users,661.4,2,330.7
549320,Free Bag - Remaining Users,354.0,2,177.0
549389,Free Bag - Remaining Users,728.85,2,364.425
549466,Free Bag - Remaining Users,953.9000000000001,3,317.9666666666667
549472,Free Bag - Remaining Users,264.51,1,264.51
549579,Free Bag - Remaining Users,299.7,1,299.7
549759,Free Bag - Remaining Users,0.0,0,
549988,Free Bag - Remaining Users,658.47,1,658.47
550022,Free Bag - Remaining Users,0.0,0,
550077,Free Bag - Remaining Users,903.37,2,451.685
550298,Free Bag - Remaining Users,66.0,1,66.0
550482,Free Bag - Remaining Users,0.0,0,
550703,Free Bag - Remaining Users,556.0,2,278.0
550711,Free Bag - Remaining Users,547.93,1,547.93
550868,Free Bag - Remaining Users,455.38,1,455.38
550973,Free Bag - Remaining Users,1111.51,4,277.8775
551051,Free Bag - Remaining Users,69.93,1,69.93
551237,Free Bag - Remaining Users,727.79,2,363.895
551241,Free Bag - Remaining Users,1330.15,3,443.3833333333334
551278,Free Bag - Remaining Users,912.37,2,456.185
551282,Free Bag - Remaining Users,1315.09,4,328.7725
551431,Free Bag - Remaining Users,0.0,0,
551448,Free Bag - Remaining Users,2585.42,3,861.8066666666667
551486,Free Bag - Remaining Users,2181.68,1,2181.68
551501,Free Bag - Remaining Users,0.0,0,
551560,Free Bag - Remaining Users,643.51,1,643.51
551576,Free Bag - Remaining Users,281.03,1,281.03
551615,Free Bag - Remaining Users,351.86,2,175.93
551620,Free Bag - Remaining Users,976.63,3,325.54333333333335
551671,Free Bag - Remaining Users,0.0,0,
551834,Free Bag - Remaining Users,947.3199999999999,3,315.7733333333333
551914,Free Bag - Remaining Users,1527.72,2,763.86
551990,Free Bag - Remaining Users,2533.88,3,844.6266666666667
552088,Free Bag - Remaining Users,852.86,3,284.2866666666667
552209,Free Bag - Remaining Users,1257.06,1,1257.06
552372,Free Bag - Remaining Users,716.9300000000001,2,358.46500000000003
552487,Free Bag - Remaining Users,807.37,2,403.685
552642,Free Bag - Remaining Users,2190.49,3,730.1633333333333
552763,Free Bag - Remaining Users,1084.58,3,361.52666666666664
553208,Free Bag - Remaining Users,59.0,1,59.0
553533,Free Bag - Remaining Users,245.96,1,245.96
553645,Free Bag - Remaining Users,1973.82,4,493.455
553690,Free Bag - Remaining Users,0.0,0,
553704,Free Bag - Remaining Users,2397.92,2,1198.96
553783,Free Bag - Remaining Users,381.0,1,381.0
554202,Free Bag - Remaining Users,1062.44,2,531.22
554289,Free Bag - Remaining Users,144.0,1,144.0
554299,Free Bag - Remaining Users,0.0,0,
554450,Free Bag - Remaining Users,0.0,0,
554670,Free Bag - Remaining Users,994.28,2,497.14
554866,Free Bag - Remaining Users,0.0,0,
554939,Free Bag - Remaining Users,0.0,0,
555075,Free Bag - Remaining Users,0.0,0,
555147,Free Bag - Remaining Users,621.59,1,621.59
555186,Free Bag - Remaining Users,3145.46,4,786.365
555187,Free Bag - Remaining Users,0.0,0,
555203,Free Bag - Remaining Users,431.0,2,215.5
555275,Free Bag - Remaining Users,849.03,2,424.515
555418,Free Bag - Remaining Users,0.0,0,
555492,Free Bag - Remaining Users,638.1,2,319.05
555587,Free Bag - Remaining Users,2449.81,4,612.4525
555656,Free Bag - Remaining Users,0.0,0,
555710,Free Bag - Remaining Users,2215.14,3,738.38
555818,Free Bag - Remaining Users,0.0,0,
555960,Free Bag - Remaining Users,0.0,0,
556395,Free Bag - Remaining Users,0.0,0,
556621,Free Bag - Remaining Users,684.0,1,684.0
556714,Free Bag - Remaining Users,1557.0800000000002,2,778.5400000000001
556830,Free Bag - Remaining Users,720.99,3,240.33
556841,Free Bag - Remaining Users,860.02,3,286.67333333333335
556900,Free Bag - Remaining Users,95.81,1,95.81
557010,Free Bag - Remaining Users,0.0,0,
557298,Free Bag - Remaining Users,1148.55,2,574.275
557343,Free Bag - Remaining Users,182.39,1,182.39
557449,Free Bag - Remaining Users,635.96,1,635.96
557492,Free Bag - Remaining Users,1464.54,2,732.27
557876,Free Bag - Remaining Users,2447.28,3,815.7600000000001
558774,Free Bag - Remaining Users,906.3299999999999,2,453.16499999999996
558852,Free Bag - Remaining Users,0.0,0,
559345,Free Bag - Remaining Users,826.16,2,413.08
559441,Free Bag - Remaining Users,316.16999999999996,2,158.08499999999998
559465,Free Bag - Remaining Users,0.0,0,
559547,Free Bag - Remaining Users,81.8,1,81.8
560078,Free Bag - Remaining Users,1239.81,3,413.27
560279,Free Bag - Remaining Users,0.0,0,
560495,Free Bag - Remaining Users,0.0,0,
560529,Free Bag - Remaining Users,196.0,1,196.0
560747,Free Bag - Remaining Users,2508.19,4,627.0475
560897,Free Bag - Remaining Users,1637.6100000000001,3,545.87
560948,Free Bag - Remaining Users,0.0,0,
561156,Free Bag - Remaining Users,0.0,0,
561288,Free Bag - Remaining Users,0.0,0,
561945,Free Bag - Remaining Users,617.71,1,617.71
562032,Free Bag - Remaining Users,543.45,2,271.725
562283,Free Bag - Remaining Users,101.9,1,101.9
562338,Free Bag - Remaining Users,1396.51,3,465.50333333333333
562362,Free Bag - Remaining Users,1054.1599999999999,2,527.0799999999999
562516,Free Bag - Remaining Users,0.0,0,
562585,Free Bag - Remaining Users,914.53,1,914.53
562641,Free Bag - Remaining Users,1133.6,1,1133.6
562894,Free Bag - Remaining Users,1186.28,2,593.14
563012,Free Bag - Remaining Users,283.72,1,283.72
563253,Free Bag - Remaining Users,1221.52,3,407.17333333333335
563266,Free Bag - Remaining Users,1582.51,2,791.255
563340,Free Bag - Remaining Users,1078.17,2,539.085
563343,Free Bag - Remaining Users,698.2,2,349.1
563679,Free Bag - Remaining Users,0.0,0,
563740,Free Bag - Remaining Users,1559.77,3,519.9233333333333
564052,Free Bag - Remaining Users,2181.02,3,727.0066666666667
564182,Free Bag - Remaining Users,2922.33,3,974.11
564822,Free Bag - Remaining Users,0.0,0,
564854,Free Bag - Remaining Users,417.53,2,208.765
565056,Free Bag - Remaining Users,0.0,0,
565240,Free Bag - Remaining Users,0.0,0,
565348,Free Bag - Remaining Users,178.0,1,178.0
565487,Free Bag - Remaining Users,0.0,0,
565508,Free Bag - Remaining Users,0.0,0,
565755,Free Bag - Remaining Users,683.9,1,683.9
565910,Free Bag - Remaining Users,1020.16,2,510.08
565912,Free Bag - Remaining Users,943.76,2,471.88
565915,Free Bag - Remaining Users,1853.46,1,1853.46
566002,Free Bag - Remaining Users,0.0,0,
566097,Free Bag - Remaining Users,0.0,0,
566173,Free Bag - Remaining Users,1215.25,2,607.625
566312,Free Bag - Remaining Users,786.3299999999999,2,393.16499999999996
566366,Free Bag - Remaining Users,1264.75,3,421.5833333333333
566456,Free Bag - Remaining Users,0.0,0,
566592,Free Bag - Remaining Users,0.0,0,
566614,Free Bag - Remaining Users,696.61,2,348.305
566650,Free Bag - Remaining Users,599.88,2,299.94
566749,Free Bag - Remaining Users,0.0,0,
566964,Free Bag - Remaining Users,967.22,3,322.4066666666667
567114,Free Bag - Remaining Users,0.0,0,
567195,Free Bag - Remaining Users,525.35,2,262.675
567211,Free Bag - Remaining Users,963.3499999999999,2,481.67499999999995
567342,Free Bag - Remaining Users,123.0,1,123.0
567390,Free Bag - Remaining Users,0.0,0,
567558,Free Bag - Remaining Users,1023.6800000000001,2,511.84000000000003
567563,Free Bag - Remaining Users,1097.52,3,365.84
567589,Free Bag - Remaining Users,101.0,1,101.0
567824,Free Bag - Remaining Users,0.0,0,
568060,Free Bag - Remaining Users,1347.75,4,336.9375
568105,Free Bag - Remaining Users,1855.32,4,463.83
568182,Free Bag - Remaining Users,628.9,2,314.45
568258,Free Bag - Remaining Users,1279.06,2,639.53
568325,Free Bag - Remaining Users,530.66,1,530.66
568536,Free Bag - Remaining Users,0.0,0,
568970,Free Bag - Remaining Users,400.74,2,200.37
569180,Free Bag - Remaining Users,2171.6499999999996,3,723.8833333333332
569203,Free Bag - Remaining Users,561.22,1,561.22
569733,Free Bag - Remaining Users,2785.6000000000004,4,696.4000000000001
569788,Free Bag - Remaining Users,691.8199999999999,2,345.90999999999997
569829,Free Bag - Remaining Users,3088.95,5,617.79
569920,Free Bag - Remaining Users,764.78,2,382.39
570242,Free Bag - Remaining Users,0.0,0,
570329,Free Bag - Remaining Users,0.0,0,
570330,Free Bag - Remaining Users,812.95,3,270.98333333333335
570436,Free Bag - Remaining Users,522.5699999999999,2,261.28499999999997
570654,Free Bag - Remaining Users,673.45,1,673.45
570693,Free Bag - Remaining Users,1070.46,3,356.82
570746,Free Bag - Remaining Users,1823.29,3,607.7633333333333
571348,Free Bag - Remaining Users,1165.26,3,388.42
571525,Free Bag - Remaining Users,2083.6,4,520.9
571876,Free Bag - Remaining Users,3058.75,3,1019.5833333333334
572133,Free Bag - Remaining Users,81.0,1,81.0
572176,Free Bag - Remaining Users,213.28,1,213.28
572214,Free Bag - Remaining Users,0.0,0,
572502,Free Bag - Remaining Users,1416.17,3,472.0566666666667
572529,Free Bag - Remaining Users,568.58,2,284.29
572669,Free Bag - Remaining Users,720.5799999999999,2,360.28999999999996
573040,Free Bag - Remaining Users,2061.1,3,687.0333333333333
573373,Free Bag - Remaining Users,537.97,2,268.985
573423,Free Bag - Remaining Users,0.0,0,
573427,Free Bag - Remaining Users,2017.47,4,504.3675
573792,Free Bag - Remaining Users,651.44,1,651.44
573926,Free Bag - Remaining Users,0.0,0,
574885,Free Bag - Remaining Users,256.95,1,256.95
575092,Free Bag - Remaining Users,306.0,1,306.0
575131,Free Bag - Remaining Users,896.46,3,298.82
575208,Free Bag - Remaining Users,1724.14,1,1724.14
575433,Free Bag - Remaining Users,2129.33,3,709.7766666666666
575500,Free Bag - Remaining Users,1691.64,2,845.82
575823,Free Bag - Remaining Users,3095.85,1,3095.85
575868,Free Bag - Remaining Users,948.3699999999999,2,474.18499999999995
575964,Free Bag - Remaining Users,0.0,0,
576668,Free Bag - Remaining Users,0.0,0,
576712,Free Bag - Remaining Users,161.0,1,161.0
576846,Free Bag - Remaining Users,664.0,1,664.0
577007,Free Bag - Remaining Users,797.22,3,265.74
577208,Free Bag - Remaining Users,395.97,2,197.985
577215,Free Bag - Remaining Users,535.0,1,535.0
577643,Free Bag - Remaining Users,0.0,0,
577667,Free Bag - Remaining Users,242.14,1,242.14
577682,Free Bag - Remaining Users,456.76,1,456.76
578058,Free Bag - Remaining Users,519.88,1,519.88
578088,Free Bag - Remaining Users,1386.57,3,462.19
578120,Free Bag - Remaining Users,1477.8,3,492.59999999999997
578459,Free Bag - Remaining Users,1392.34,3,464.1133333333333
578488,Free Bag - Remaining Users,526.71,2,263.355
578872,Free Bag - Remaining Users,723.76,2,361.88
578993,Free Bag - Remaining Users,1254.06,2,627.03
579040,Free Bag - Remaining Users,0.0,0,
579503,Free Bag - Remaining Users,0.0,0,
579804,Free Bag - Remaining Users,1097.79,3,365.93
579971,Free Bag - Remaining Users,0.0,0,
580622,Free Bag - Remaining Users,0.0,0,
580895,Free Bag - Remaining Users,520.61,2,260.305
581595,Free Bag - Remaining Users,0.0,0,
582190,Free Bag - Remaining Users,0.0,0,
582333,Free Bag - Remaining Users,1729.35,4,432.3375
582343,Free Bag - Remaining Users,1386.15,2,693.075
582586,Free Bag - Remaining Users,0.0,0,
582796,Free Bag - Remaining Users,278.0,1,278.0
582828,Free Bag - Remaining Users,2063.17,3,687.7233333333334
583023,Free Bag - Remaining Users,2291.55,3,763.85
583070,Free Bag - Remaining Users,3071.2400000000002,3,1023.7466666666668
583335,Free Bag - Remaining Users,2738.84,2,1369.42
583342,Free Bag - Remaining Users,206.95,2,103.475
583454,Free Bag - Remaining Users,355.56,1,355.56
583490,Free Bag - Remaining Users,215.0,1,215.0
583664,Free Bag - Remaining Users,569.33,2,284.665
583759,Free Bag - Remaining Users,492.02,2,246.01
583955,Free Bag - Remaining Users,0.0,0,
584001,Free Bag - Remaining Users,2121.3,1,2121.3
584034,Free Bag - Remaining Users,1848.65,3,616.2166666666667
584241,Free Bag - Remaining Users,545.0,2,272.5
585231,Free Bag - Remaining Users,0.0,0,
585250,Free Bag - Remaining Users,0.0,0,
585361,Free Bag - Remaining Users,0.0,0,
585492,Free Bag - Remaining Users,741.53,1,741.53
585522,Free Bag - Remaining Users,0.0,0,
585768,Free Bag - Remaining Users,1014.71,1,1014.71
585832,Free Bag - Remaining Users,883.82,2,441.91
586257,Free Bag - Remaining Users,0.0,0,
586270,Free Bag - Remaining Users,335.32,2,167.66
586344,Free Bag - Remaining Users,46.0,1,46.0
586357,Free Bag - Remaining Users,0.0,0,
586458,Free Bag - Remaining Users,0.0,0,
586471,Free Bag - Remaining Users,183.17,1,183.17
586644,Free Bag - Remaining Users,1157.41,3,385.80333333333334
586829,Free Bag - Remaining Users,0.0,0,
587538,Free Bag - Remaining Users,1909.46,3,636.4866666666667
587642,Free Bag - Remaining Users,0.0,0,
587698,Free Bag - Remaining Users,595.7,1,595.7
588048,Free Bag - Remaining Users,1447.1599999999999,3,482.3866666666666
588732,Free Bag - Remaining Users,1498.29,3,499.43
589121,Free Bag - Remaining Users,659.89,3,219.96333333333334
589140,Free Bag - Remaining Users,1238.45,1,1238.45
589822,Free Bag - Remaining Users,0.0,0,
589995,Free Bag - Remaining Users,1780.94,3,593.6466666666666
590014,Free Bag - Remaining Users,711.09,1,711.09
590103,Free Bag - Remaining Users,1228.58,3,409.52666666666664
590130,Free Bag - Remaining Users,1338.3899999999999,2,669.1949999999999
590429,Free Bag - Remaining Users,1468.14,3,489.38000000000005
590558,Free Bag - Remaining Users,1245.79,3,415.2633333333333
591155,Free Bag - Remaining Users,823.14,2,411.57
591255,Free Bag - Remaining Users,409.11,1,409.11
591271,Free Bag - Remaining Users,0.0,0,
591478,Free Bag - Remaining Users,348.0,2,174.0
591746,Free Bag - Remaining Users,1789.9099999999999,3,596.6366666666667
591835,Free Bag - Remaining Users,252.0,1,252.0
592118,Free Bag - Remaining Users,0.0,0,
592707,Free Bag - Remaining Users,846.08,1,846.08
592958,Free Bag - Remaining Users,522.0,1,522.0
594123,Free Bag - Remaining Users,1098.54,2,549.27
594240,Free Bag - Remaining Users,135.1,1,135.1
594503,Free Bag - Remaining Users,687.28,2,343.64
594601,Free Bag - Remaining Users,980.45,1,980.45
595026,Free Bag - Remaining Users,1340.97,3,446.99
595184,Free Bag - Remaining Users,1532.38,5,306.476
595624,Free Bag - Remaining Users,1308.73,1,1308.73
595861,Free Bag - Remaining Users,1216.72,1,1216.72
596329,Free Bag - Remaining Users,0.0,0,
596442,Free Bag - Remaining Users,174.91,1,174.91
596611,Free Bag - Remaining Users,0.0,0,
596856,Free Bag - Remaining Users,685.24,3,228.41333333333333
597003,Free Bag - Remaining Users,1582.37,2,791.185
597662,Free Bag - Remaining Users,0.0,0,
597948,Free Bag - Remaining Users,0.0,0,
599239,Free Bag - Remaining Users,733.9,2,366.95
599311,Free Bag - Remaining Users,791.07,3,263.69
599651,Free Bag - Remaining Users,0.0,0,
599657,Free Bag - Remaining Users,249.15,1,249.15
599790,Free Bag - Remaining Users,0.0,0,
599999,Free Bag - Remaining Users,0.0,0,
600605,Free Bag - Remaining Users,1501.23,3,500.41
600796,Free Bag - Remaining Users,351.0,1,351.0
600833,Free Bag - Remaining Users,276.0,1,276.0
601094,Free Bag - Remaining Users,0.0,0,
602323,Free Bag - Remaining Users,1318.12,2,659.06
602433,Free Bag - Remaining Users,2040.77,3,680.2566666666667
602793,Free Bag - Remaining Users,612.75,2,306.375
602918,Free Bag - Remaining Users,741.83,3,247.27666666666667
603715,Free Bag - Remaining Users,1803.13,3,601.0433333333334
603883,Free Bag - Remaining Users,928.01,3,309.33666666666664
604136,Free Bag - Remaining Users,588.44,3,196.14666666666668
604355,Free Bag - Remaining Users,1208.6599999999999,3,402.8866666666666
604617,Free Bag - Remaining Users,685.16,2,342.58
604916,Free Bag - Remaining Users,0.0,0,
605308,Free Bag - Remaining Users,0.0,0,
605578,Free Bag - Remaining Users,130.0,1,130.0
606568,Free Bag - Remaining Users,881.75,2,440.875
607524,Free Bag - Remaining Users,253.0,1,253.0
607799,Free Bag - Remaining Users,295.05,1,295.05
607949,Free Bag - Remaining Users,794.0,2,397.0
607998,Free Bag - Remaining Users,1861.31,3,620.4366666666666
609221,Free Bag - Remaining Users,686.5,1,686.5
609230,Free Bag - Remaining Users,1210.57,2,605.285
609413,Free Bag - Remaining Users,845.46,3,281.82
609763,Free Bag - Remaining Users,93.0,1,93.0
609817,Free Bag - Remaining Users,1599.96,4,399.99
610530,Free Bag - Remaining Users,0.0,0,
611583,Free Bag - Remaining Users,1073.05,3,357.68333333333334
612812,Free Bag - Remaining Users,73.93,1,73.93
612976,Free Bag - Remaining Users,0.0,0,
613252,Free Bag - Remaining Users,0.0,0,
613386,Free Bag - Remaining Users,0.0,0,
613442,Free Bag - Remaining Users,2222.33,4,555.5825
613655,Free Bag - Remaining Users,1302.69,2,651.345
613921,Free Bag - Remaining Users,369.84,1,369.84
614549,Free Bag - Remaining Users,3286.6400000000003,3,1095.5466666666669
614814,Free Bag - Remaining Users,289.0,1,289.0
615749,Free Bag - Remaining Users,3121.39,4,780.3475
615881,Free Bag - Remaining Users,0.0,0,
616518,Free Bag - Remaining Users,876.7600000000001,2,438.38000000000005
617964,Free Bag - Remaining Users,59.97,1,59.97
618230,Free Bag - Remaining Users,0.0,0,
618642,Free Bag - Remaining Users,2328.9,2,1164.45
618759,Free Bag - Remaining Users,269.68999999999994,2,134.84499999999997
618815,Free Bag - Remaining Users,104.0,1,104.0
619520,Free Bag - Remaining Users,1311.62,2,655.81
619938,Free Bag - Remaining Users,0.0,0,
619971,Free Bag - Remaining Users,137.0,1,137.0
619988,Free Bag - Remaining Users,0.0,0,
620382,Free Bag - Remaining Users,520.0699999999999,2,260.03499999999997
621085,Free Bag - Remaining Users,105.0,1,105.0
621113,Free Bag - Remaining Users,0.0,0,
621150,Free Bag - Remaining Users,0.0,0,
622149,Free Bag - Remaining Users,607.18,1,607.18
623077,Free Bag - Remaining Users,1583.86,4,395.965
624215,Free Bag - Remaining Users,2645.86,4,661.465
625703,Free Bag - Remaining Users,476.14,2,238.07
626037,Free Bag - Remaining Users,0.0,0,
626067,Free Bag - Remaining Users,0.0,0,
626249,Free Bag - Remaining Users,0.0,0,
626318,Free Bag - Remaining Users,472.64,3,157.54666666666665
626329,Free Bag - Remaining Users,368.84,1,368.84
626558,Free Bag - Remaining Users,0.0,0,
626587,Free Bag - Remaining Users,77.0,1,77.0
627041,Free Bag - Remaining Users,584.1500000000001,2,292.07500000000005
627475,Free Bag - Remaining Users,0.0,0,
627617,Free Bag - Remaining Users,542.6700000000001,2,271.33500000000004
627729,Free Bag - Remaining Users,0.0,0,
628023,Free Bag - Remaining Users,2528.29,3,842.7633333333333
629345,Free Bag - Remaining Users,549.0,1,549.0
629725,Free Bag - Remaining Users,834.72,3,278.24
629747,Free Bag - Remaining Users,0.0,0,
629803,Free Bag - Remaining Users,2590.36,3,863.4533333333334
629952,Free Bag - Remaining Users,3076.89,3,1025.6299999999999
630607,Free Bag - Remaining Users,0.0,0,
631384,Free Bag - Remaining Users,0.0,0,
631975,Free Bag - Remaining Users,100.99,1,100.99
632239,Free Bag - Remaining Users,168.49,1,168.49
632866,Free Bag - Remaining Users,0.0,0,
633195,Free Bag - Remaining Users,1057.65,2,528.825
633972,Free Bag - Remaining Users,0.0,0,
634130,Free Bag - Remaining Users,2098.17,4,524.5425
634824,Free Bag - Remaining Users,458.16,2,229.08
635375,Free Bag - Remaining Users,92.0,1,92.0
635790,Free Bag - Remaining Users,2425.13,4,606.2825
636251,Free Bag - Remaining Users,378.0,1,378.0
638237,Free Bag - Remaining Users,0.0,0,
638580,Free Bag - Remaining Users,415.0,2,207.5
638600,Free Bag - Remaining Users,0.0,0,
639458,Free Bag - Remaining Users,1967.82,3,655.9399999999999
639510,Free Bag - Remaining Users,1285.49,2,642.745
641364,Free Bag - Remaining Users,2037.22,5,407.444
643359,Free Bag - Remaining Users,653.33,1,653.33
643469,Free Bag - Remaining Users,337.89,3,112.63
645022,Free Bag - Remaining Users,89.0,1,89.0
645685,Free Bag - Remaining Users,1863.47,4,465.8675
646127,Free Bag - Remaining Users,0.0,0,
646197,Free Bag - Remaining Users,0.0,0,
646257,Free Bag - Remaining Users,290.63,1,290.63
647555,Free Bag - Remaining Users,217.75,1,217.75
647638,Free Bag - Remaining Users,105.0,1,105.0
647674,Free Bag - Remaining Users,1880.7,4,470.175
648201,Free Bag - Remaining Users,0.0,0,
649080,Free Bag - Remaining Users,812.9,2,406.45
649935,Free Bag - Remaining Users,0.0,0,
650606,Free Bag - Remaining Users,0.0,0,
651390,Free Bag - Remaining Users,1050.08,1,1050.08
652190,Free Bag - Remaining Users,0.0,0,
652527,Free Bag - Remaining Users,286.89,1,286.89
653852,Free Bag - Remaining Users,522.1,1,522.1
655499,Free Bag - Remaining Users,2931.03,2,1465.515
656850,Free Bag - Remaining Users,0.0,0,
657514,Free Bag - Remaining Users,0.0,0,
658234,Free Bag - Remaining Users,286.51,1,286.51
660110,Free Bag - Remaining Users,1421.69,2,710.845
660903,Free Bag - Remaining Users,0.0,0,
662535,Free Bag - Remaining Users,354.49,1,354.49
664084,Free Bag - Remaining Users,308.32,1,308.32
664119,Free Bag - Remaining Users,262.74,1,262.74
666718,Free Bag - Remaining Users,784.88,2,392.44
667299,Free Bag - Remaining Users,0.0,0,
667536,Free Bag - Remaining Users,1515.3400000000001,2,757.6700000000001
667929,Free Bag - Remaining Users,108.19,1,108.19
668677,Free Bag - Remaining Users,1318.3000000000002,2,659.1500000000001
669155,Free Bag - Remaining Users,95.95,1,95.95
670971,Free Bag - Remaining Users,336.49,1,336.49
673076,Free Bag - Remaining Users,270.34,1,270.34
674375,Free Bag - Remaining Users,594.13,2,297.065
676043,Free Bag - Remaining Users,0.0,0,
677209,Free Bag - Remaining Users,204.3,1,204.3
678536,Free Bag - Remaining Users,53.0,1,53.0
678547,Free Bag - Remaining Users,700.15,2,350.075
679047,Free Bag - Remaining Users,545.9200000000001,2,272.96000000000004
679442,Free Bag - Remaining Users,994.44,1,994.44
681720,Free Bag - Remaining Users,1749.4,4,437.35
682005,Free Bag - Remaining Users,252.0,2,126.0
683663,Free Bag - Remaining Users,188.0,1,188.0
683976,Free Bag - Remaining Users,56.0,1,56.0
684510,Free Bag - Remaining Users,983.12,3,327.70666666666665
688312,Free Bag - Remaining Users,0.0,0,
689984,Free Bag - Remaining Users,1049.87,3,349.95666666666665
693301,Free Bag - Remaining Users,576.88,2,288.44
695094,Free Bag - Remaining Users,225.52,1,225.52
699040,Free Bag - Remaining Users,135.78,1,135.78
700289,Free Bag - Remaining Users,401.6,1,401.6
708887,Free Bag - Remaining Users,609.0,2,304.5
710523,Free Bag - Remaining Users,0.0,0,
715059,Free Bag - Remaining Users,1612.92,3,537.64
716337,Free Bag - Remaining Users,845.85,2,422.925
717149,Free Bag - Remaining Users,715.93,1,715.93
725357,Free Bag - Remaining Users,0.0,0,
741190,Free Bag - Remaining Users,0.0,0,
743151,Free Bag - Remaining Users,0.0,0,
756434,Free Bag - Remaining Users,774.14,2,387.07
777366,Free Bag - Remaining Users,422.73,1,422.73
844489,Free Bag - Remaining Users,0.0,0,
